-- phpMyAdmin SQL Dump
-- version 5.0.1
-- https://www.phpmyadmin.net/
--
-- Máy chủ: 127.0.0.1
-- Thời gian đã tạo: Th5 09, 2020 lúc 04:17 PM
-- Phiên bản máy phục vụ: 10.4.11-MariaDB
-- Phiên bản PHP: 7.2.27

SET SQL_MODE = "NO_AUTO_VALUE_ON_ZERO";
SET AUTOCOMMIT = 0;
START TRANSACTION;
SET time_zone = "+00:00";


/*!40101 SET @OLD_CHARACTER_SET_CLIENT=@@CHARACTER_SET_CLIENT */;
/*!40101 SET @OLD_CHARACTER_SET_RESULTS=@@CHARACTER_SET_RESULTS */;
/*!40101 SET @OLD_COLLATION_CONNECTION=@@COLLATION_CONNECTION */;
/*!40101 SET NAMES utf8mb4 */;

--
-- Cơ sở dữ liệu: 'quanlithoigiangiangday'
--

-- --------------------------------------------------------

--
-- Cấu trúc bảng cho bảng 'mst_class'
--

CREATE TABLE mst_class (
  id int(11) NOT NULL,
  cls_name varchar(50) COLLATE utf8mb4_unicode_ci DEFAULT NULL,
  cls_describe text COLLATE utf8mb4_unicode_ci DEFAULT NULL,
  cls_delete_flag int(11) DEFAULT NULL,
  cls_created_at timestamp NOT NULL DEFAULT current_timestamp() ON UPDATE current_timestamp(),
  cls_updated_at timestamp NOT NULL DEFAULT '0000-00-00 00:00:00'
) ENGINE=InnoDB DEFAULT CHARSET=utf8mb4 COLLATE=utf8mb4_unicode_ci;

--
-- Đang đổ dữ liệu cho bảng 'mst_class'
--

INSERT INTO mst_class (id, cls_name, cls_describe, cls_delete_flag, cls_created_at, cls_updated_at) VALUES
(18, '64DCTH01123', NULL, 0, '2020-03-29 18:03:11', '2020-03-28 23:03:11'),
(19, '64DCTH02', NULL, 1, '2020-03-20 03:11:59', '2020-03-20 03:11:59'),
(20, '64DCTH03', NULL, 1, '2020-03-20 03:12:09', '2020-03-20 03:12:09'),
(21, '65DCHT11', NULL, 1, '2020-03-20 03:12:16', '2020-03-20 03:12:16'),
(22, '65DCHT21', NULL, 1, '2020-03-20 03:12:22', '2020-03-20 03:12:22'),
(23, '67DCDT21', NULL, 1, '2020-03-20 03:12:31', '2020-03-20 03:12:31'),
(24, '67DCDT22', NULL, 1, '2020-03-20 03:12:37', '2020-03-20 03:12:37'),
(25, '67DCHT11', NULL, 1, '2020-03-20 03:12:43', '2020-03-20 03:12:43'),
(26, '67DCHT21', NULL, 1, '2020-03-20 03:12:49', '2020-03-20 03:12:49'),
(27, '67DCHT22', 'k67dcht2298@gmail.com', 1, '2020-05-01 16:28:05', '2020-04-30 21:28:05'),
(28, '67DCHT23', NULL, 1, '2020-05-01 16:27:49', '2020-04-30 21:27:49'),
(29, '67DCHTA1', NULL, 1, '2020-05-01 16:28:13', '2020-04-30 21:28:13'),
(30, '68DCHT11', NULL, 1, '2020-03-20 03:13:41', '2020-03-20 03:13:41'),
(31, '68DCHT21', NULL, 1, '2020-03-20 03:13:46', '2020-03-20 03:13:46'),
(32, '68DCHT22', NULL, 1, '2020-03-20 03:13:51', '2020-03-20 03:13:51'),
(33, '69DCHT21', NULL, 1, '2020-03-20 04:20:08', '2020-03-20 04:20:08'),
(34, '69DCHT22', NULL, 1, '2020-03-20 04:20:13', '2020-03-20 04:20:13'),
(35, '69DCHT23', NULL, 1, '2020-03-20 04:20:19', '2020-03-20 04:20:19'),
(36, '68DCHT23', NULL, 1, '2020-03-20 04:29:27', '2020-03-20 04:29:27'),
(37, '64DCTH01', NULL, 1, '2020-03-29 18:04:19', '2020-03-28 23:04:19'),
(38, '65DCHT22', NULL, 1, '2020-03-28 23:02:47', '2020-03-28 23:02:47'),
(39, '65DCHT23', NULL, 1, '2020-03-28 23:08:01', '2020-03-28 23:08:01'),
(40, '69DCTT22', NULL, 1, '2020-03-29 22:12:19', '2020-03-29 22:12:19'),
(41, '69DCTT23', NULL, 1, '2020-04-23 23:03:29', '2020-04-23 23:03:29'),
(42, '66DCHT21', NULL, 1, '2020-04-24 19:19:54', '2020-04-24 19:19:54'),
(43, '66DCHT22', NULL, 1, '2020-04-24 19:20:03', '2020-04-24 19:20:03'),
(44, '66DCHT23', NULL, 1, '2020-04-24 19:20:10', '2020-04-24 19:20:10'),
(45, '70DCTT21', NULL, 1, '2020-04-24 20:01:20', '2020-04-24 20:01:20'),
(46, '70DCTT22', NULL, 1, '2020-04-24 20:01:27', '2020-04-24 20:01:27'),
(47, '70DCTT23', NULL, 1, '2020-04-24 20:01:36', '2020-04-24 20:01:36'),
(48, '70DCHT21', NULL, 1, '2020-04-24 20:02:11', '2020-04-24 20:02:11'),
(49, '70DCHT22', NULL, 1, '2020-04-24 20:02:20', '2020-04-24 20:02:20'),
(50, '70DCHT23', NULL, 1, '2020-04-24 20:02:27', '2020-04-24 20:02:27'),
(51, '69DCTT21', NULL, 1, '2020-04-24 20:13:19', '2020-04-24 20:13:19'),
(52, '69DCTM21', NULL, 1, '2020-04-24 20:15:53', '2020-04-24 20:15:53'),
(53, '69DCTM22', NULL, 1, '2020-04-24 20:16:03', '2020-04-24 20:16:03'),
(54, '69CCCD21', NULL, 1, '2020-04-25 21:07:18', '2020-04-25 21:07:18'),
(55, '69DCTD22', 'Ngành \r\nThương Mại Điện Tử', 1, '2020-04-30 15:47:39', '2020-04-29 20:47:39'),
(56, '70DCTT24', NULL, 1, '2020-04-29 20:50:53', '2020-04-29 20:50:53'),
(57, '70DCTT25', NULL, 1, '2020-04-29 20:50:59', '2020-04-29 20:50:59'),
(58, '68DCTM21', NULL, 1, '2020-04-30 20:57:14', '2020-04-30 20:57:14'),
(59, '68DCTM22', NULL, 1, '2020-04-30 20:57:21', '2020-04-30 20:57:21'),
(60, '67DCTM21', NULL, 1, '2020-04-30 21:28:39', '2020-04-30 21:28:39'),
(61, '67DCTM22', NULL, 1, '2020-04-30 21:28:47', '2020-04-30 21:28:47'),
(62, '69DCTD21', NULL, 1, '2020-05-02 03:10:15', '2020-05-02 03:10:15'),
(63, '68DCKT23', NULL, 1, '2020-05-01 20:30:32', '2020-05-01 20:30:32'),
(64, '68DCMX22', NULL, 1, '2020-05-02 21:43:53', '2020-05-02 21:43:53'),
(65, '68DCOT24', NULL, 1, '2020-05-03 19:26:13', '2020-05-03 19:26:13'),
(66, '70DCTM21', NULL, 1, '2020-05-03 19:38:09', '2020-05-03 19:38:09');

-- --------------------------------------------------------

--
-- Cấu trúc bảng cho bảng 'mst_log_users'
--

CREATE TABLE mst_log_users (
  id int(11) NOT NULL,
  lg_id_users int(11) DEFAULT NULL,
  lg_id_title int(11) DEFAULT NULL,
  lg_id_position int(11) DEFAULT NULL,
  lg_id_unit int(11) DEFAULT NULL,
  lg_id_semester int(11) DEFAULT NULL,
  lg_delete_flag int(11) DEFAULT NULL,
  lg_created_at timestamp NULL DEFAULT NULL,
  lg_updated_at timestamp NULL DEFAULT NULL
) ENGINE=InnoDB DEFAULT CHARSET=utf8mb4 COLLATE=utf8mb4_unicode_ci;

--
-- Đang đổ dữ liệu cho bảng 'mst_log_users'
--

INSERT INTO mst_log_users (id, lg_id_users, lg_id_title, lg_id_position, lg_id_unit, lg_id_semester, lg_delete_flag, lg_created_at, lg_updated_at) VALUES
(18, 18, 7, 29, 31, 13, 1, '2020-03-21 19:17:12', '2020-03-21 19:55:20'),
(19, 18, 7, 29, 31, 14, NULL, NULL, '2020-03-21 19:55:32'),
(20, 18, 7, NULL, 31, 15, NULL, NULL, '2020-03-21 19:43:08'),
(21, 18, 7, NULL, 31, 16, NULL, NULL, '2020-03-21 19:49:32'),
(22, 18, 7, NULL, 31, 17, NULL, NULL, '2020-03-21 20:21:15'),
(23, 18, 7, NULL, 31, 18, NULL, NULL, '2020-03-21 20:22:07'),
(24, 19, 7, 34, NULL, 18, 1, '2020-03-21 21:14:29', '2020-04-18 23:38:15'),
(25, 20, 7, 29, 31, 13, 1, '2020-03-22 21:32:02', '2020-03-22 21:32:02'),
(26, 21, 8, 34, 31, 14, 1, '2020-03-22 21:37:21', '2020-03-24 21:59:12'),
(27, 22, 7, 34, 31, 13, 1, '2020-03-22 21:41:16', '2020-05-03 20:48:20'),
(28, 22, 7, 34, 31, 18, NULL, NULL, '2020-03-29 22:14:59'),
(29, 23, 7, 34, 31, 14, 1, '2020-03-24 22:18:02', '2020-04-17 22:28:25'),
(30, 1, 7, 34, NULL, NULL, NULL, NULL, '2020-03-25 21:37:32'),
(31, 22, 7, 34, 31, 14, NULL, NULL, '2020-04-24 19:49:56'),
(32, 24, 6, NULL, 33, 18, 1, '2020-03-26 20:54:08', '2020-03-26 20:54:08'),
(33, 25, 9, 20, 34, 14, 1, '2020-03-26 21:02:25', '2020-03-26 21:02:25'),
(34, 23, 7, 34, 31, 13, NULL, NULL, '2020-04-17 22:27:43'),
(35, 26, 7, 31, 31, 18, 1, '2020-03-28 22:48:22', '2020-03-28 22:48:22'),
(36, 27, 7, 34, 33, 18, 1, '2020-03-28 22:49:51', '2020-03-28 22:49:51'),
(37, 28, 7, 34, 31, 15, 1, '2020-03-28 22:51:47', '2020-03-28 22:51:47'),
(38, 22, 7, 34, 31, 15, NULL, NULL, '2020-04-24 21:21:29'),
(39, 22, 7, 34, 31, 16, NULL, NULL, '2020-03-29 21:57:50'),
(40, 22, 7, 34, 31, 17, NULL, NULL, '2020-04-20 05:35:22'),
(41, 19, 7, 34, NULL, 17, NULL, NULL, '2020-04-20 22:14:11'),
(42, 23, 7, 34, 31, 17, NULL, NULL, '2020-04-20 22:13:23'),
(43, 29, 7, 34, 31, 22, 1, '2020-04-18 19:19:55', '2020-04-18 19:21:19'),
(44, 20, 7, 38, 31, 22, NULL, NULL, '2020-04-23 22:44:10'),
(45, 30, 8, 45, 31, 17, 1, '2020-04-22 22:27:46', '2020-04-22 22:27:46'),
(46, 31, 7, 38, 31, 17, 1, '2020-04-22 22:28:55', '2020-04-22 22:28:55'),
(47, 32, 7, 34, 31, 17, 1, '2020-04-22 22:32:38', '2020-04-22 22:32:38'),
(48, 33, 7, 34, 31, 17, 1, '2020-04-22 22:34:19', '2020-04-22 22:34:19'),
(49, 34, 7, 34, 31, 17, 1, '2020-04-22 22:35:33', '2020-04-22 22:35:33'),
(50, 35, 7, 34, 31, 17, 1, '2020-04-22 22:36:59', '2020-04-22 22:36:59'),
(51, 36, 7, 23, 31, 17, 1, '2020-04-22 22:38:28', '2020-05-03 19:41:01'),
(52, 37, 7, 34, 31, 17, 1, '2020-04-22 22:39:44', '2020-04-22 22:39:44'),
(53, 38, 7, 34, 31, 17, 1, '2020-04-22 22:41:33', '2020-04-25 22:04:43'),
(54, 39, 7, 34, 31, 17, 1, '2020-04-22 22:43:03', '2020-04-22 22:43:03'),
(55, 40, 7, 23, 31, 17, 1, '2020-04-22 22:44:12', '2020-04-25 21:46:55'),
(56, 41, 11, 34, 31, 17, 1, '2020-04-22 22:48:36', '2020-04-30 20:31:44'),
(57, 28, 7, 34, 31, 17, NULL, NULL, '2020-04-22 22:51:08'),
(58, 20, 7, 38, 31, 17, NULL, NULL, '2020-04-23 22:43:54'),
(59, 31, 7, 38, 31, 22, NULL, NULL, '2020-04-23 23:03:48'),
(60, 42, 11, 34, 31, 23, 1, '2020-04-23 23:24:37', '2020-04-30 20:18:19'),
(61, 42, 11, 34, 31, 24, NULL, NULL, '2020-04-30 20:18:09'),
(62, 31, 7, 38, 31, 23, NULL, NULL, '2020-04-24 19:25:19'),
(63, 31, 7, 38, 31, 24, NULL, NULL, '2020-04-24 19:29:16'),
(64, 22, 7, 34, 31, 22, NULL, NULL, '2020-04-24 19:49:45'),
(65, 37, 7, 34, 31, 22, NULL, NULL, '2020-04-24 20:21:30'),
(66, 37, 7, 34, 31, 23, NULL, NULL, '2020-04-24 20:19:50'),
(67, 37, 7, 34, 31, 24, NULL, NULL, '2020-04-24 20:20:01'),
(68, 22, 7, 34, 31, 23, NULL, NULL, '2020-04-24 23:30:16'),
(69, 22, 7, 34, 31, 24, NULL, NULL, '2020-04-24 23:34:31'),
(70, 43, 7, 37, 31, 17, 1, '2020-04-25 21:39:19', '2020-05-03 19:29:31'),
(71, 39, 7, 34, 31, 22, NULL, NULL, '2020-04-25 21:43:08'),
(72, 40, 7, 23, 31, 22, NULL, NULL, '2020-04-25 21:52:48'),
(73, 40, 7, 23, 31, 24, NULL, NULL, '2020-04-25 21:51:42'),
(74, 44, 7, 34, 31, 17, 1, '2020-04-25 21:59:24', '2020-04-25 21:59:24'),
(75, 45, 7, 38, 31, 13, 1, '2020-04-25 22:02:14', '2020-04-25 22:02:14'),
(76, 39, 7, 34, 31, 23, NULL, NULL, '2020-04-29 20:56:19'),
(77, 39, 7, 34, 31, 24, NULL, NULL, '2020-04-29 20:56:28'),
(78, 35, 7, 34, 31, 23, NULL, NULL, '2020-04-30 21:04:41'),
(79, 35, 7, 34, 31, 24, NULL, NULL, '2020-04-30 21:04:49'),
(80, 28, 7, 34, 31, 23, NULL, NULL, '2020-05-02 03:15:36'),
(81, 28, 7, 34, 31, 24, NULL, NULL, '2020-05-02 03:15:44'),
(82, 28, 7, 34, 31, 22, NULL, NULL, '2020-05-02 03:15:52'),
(83, 26, 7, 34, 31, 23, NULL, NULL, '2020-05-01 20:25:35'),
(84, 26, 7, 34, 31, 24, NULL, NULL, '2020-05-01 20:49:57'),
(85, 26, 7, 34, 31, 17, NULL, NULL, '2020-05-01 20:50:07'),
(86, 26, 7, 34, 31, 22, NULL, NULL, '2020-05-01 20:50:15'),
(87, 38, 7, 34, 31, 22, NULL, NULL, '2020-05-02 21:52:55'),
(88, 38, 7, 34, 31, 23, NULL, NULL, '2020-05-02 21:53:03'),
(89, 38, 7, 34, 31, 24, NULL, NULL, '2020-05-02 21:53:17'),
(90, 43, 7, 37, 31, 22, NULL, NULL, '2020-05-03 19:32:38'),
(91, 44, 7, 34, 31, 22, NULL, NULL, '2020-05-03 19:38:42'),
(92, 36, 7, 23, 31, 22, NULL, NULL, '2020-05-03 19:40:50'),
(93, 36, 7, 23, 31, 24, NULL, NULL, '2020-05-03 19:40:28'),
(94, 36, 7, 23, 31, 23, NULL, NULL, '2020-05-03 19:40:36');

-- --------------------------------------------------------

--
-- Cấu trúc bảng cho bảng 'mst_mission'
--

CREATE TABLE mst_mission (
  id int(11) NOT NULL,
  msn_id_semester int(11) DEFAULT NULL,
  msn_batch int(11) DEFAULT NULL,
  msn_id_user int(11) DEFAULT NULL,
  msn_id_term int(11) DEFAULT NULL,
  msn_id_class int(11) DEFAULT NULL,
  msn_cls_count_student int(11) DEFAULT NULL,
  msn_cls_name varchar(150) COLLATE utf8mb4_unicode_ci NOT NULL,
  msn_cls_coefficient float NOT NULL,
  msn_describe text COLLATE utf8mb4_unicode_ci DEFAULT NULL,
  msn_date_teach timestamp NOT NULL DEFAULT current_timestamp() ON UPDATE current_timestamp(),
  msn_delete_flag int(11) DEFAULT NULL,
  msn_created_at timestamp NOT NULL DEFAULT '0000-00-00 00:00:00',
  msn_updated_at timestamp NOT NULL DEFAULT '0000-00-00 00:00:00'
) ENGINE=InnoDB DEFAULT CHARSET=utf8mb4 COLLATE=utf8mb4_unicode_ci;

--
-- Đang đổ dữ liệu cho bảng 'mst_mission'
--

INSERT INTO mst_mission (id, msn_id_semester, msn_batch, msn_id_user, msn_id_term, msn_id_class, msn_cls_count_student, msn_cls_name, msn_cls_coefficient, msn_describe, msn_date_teach, msn_delete_flag, msn_created_at, msn_updated_at) VALUES
(51, 13, 1, 22, 37, 21, 55, '65DCHT11', 1.1, NULL, '2020-04-25 17:27:06', 0, '2020-03-24 22:11:39', '2020-04-24 22:27:06'),
(52, 13, 1, 22, 31, 20, 58, '64DCTH03', 1.1, NULL, '2020-04-25 17:27:06', 0, '2020-03-24 22:13:38', '2020-04-24 22:27:06'),
(54, 14, 1, 22, 15, 20, 52, '64DCTH03', 1.1, NULL, '2020-03-26 17:12:17', 0, '2020-03-25 22:10:51', '2020-03-25 22:12:17'),
(55, 13, 1, 22, 37, 38, 65, '65DCHT22', 1.1, NULL, '2020-04-25 18:52:02', 0, '2020-03-28 23:06:08', '2020-04-24 23:52:02'),
(56, 13, 1, 22, 31, 37, 63, '64DCTH01', 1.1, NULL, '2020-04-25 17:27:06', 0, '2020-03-28 23:06:58', '2020-04-24 22:27:06'),
(57, 13, 1, 22, 37, 39, 60, '65DCHT23', 1.1, NULL, '2020-04-25 17:27:06', 0, '2020-03-28 23:08:50', '2020-04-24 22:27:06'),
(58, 13, 1, 22, 37, 22, 66, '65DCHT21', 1.2, NULL, '2020-04-25 18:52:02', 0, '2020-03-28 23:09:19', '2020-04-24 23:52:02'),
(59, 13, 1, 22, 31, 19, 54, '64DCTH02', 1.1, NULL, '2020-04-25 17:27:06', 0, '2020-03-28 23:09:52', '2020-04-24 22:27:06'),
(60, 13, 12, 22, 36, NULL, 8, 'Lop01', 1, NULL, '2020-04-25 18:52:02', 0, '2020-03-28 23:10:35', '2020-04-24 23:52:02'),
(61, 13, 12, 22, 37, NULL, 21, 'Lop01', 1, NULL, '2020-04-25 18:52:02', 0, '2020-03-28 23:11:01', '2020-04-24 23:52:02'),
(62, 15, 1, 22, 19, 31, 55, '68DCHT21', 1.1, NULL, '2020-04-25 16:28:36', 0, '2020-03-28 23:16:25', '2020-04-24 21:28:36'),
(63, 15, 1, 22, 24, 33, 47, '69DCHT21', 1, NULL, '2020-04-25 16:28:36', 0, '2020-03-28 23:17:07', '2020-04-24 21:28:36'),
(64, 15, 1, 22, 39, 24, 41, '67DCDT22', 1, NULL, '2020-04-25 16:28:36', 0, '2020-03-28 23:17:43', '2020-04-24 21:28:36'),
(65, 15, 1, 22, 39, 25, 60, '67DCHT11', 1.1, NULL, '2020-04-25 16:28:36', 0, '2020-03-28 23:18:22', '2020-04-24 21:28:36'),
(66, 15, 1, 22, 19, 30, 60, '68DCHT11', 1.1, NULL, '2020-04-25 16:28:36', 0, '2020-03-28 23:18:56', '2020-04-24 21:28:36'),
(67, 14, 1, 22, 24, 34, 45, '69DCHT22', 1, NULL, '2020-03-30 17:01:53', 0, '2020-03-28 23:19:24', '2020-03-29 22:01:53'),
(68, 15, 1, 22, 39, 28, 37, '67DCHT23', 1, NULL, '2020-04-25 16:28:36', 0, '2020-03-28 23:19:52', '2020-04-24 21:28:36'),
(69, 16, 1, 22, 31, 25, 60, '67DCHT11', 1.1, NULL, '2020-04-25 16:29:18', 0, '2020-03-29 21:56:17', '2020-04-24 21:29:18'),
(70, 16, 1, 22, 38, 25, 60, '67DCHT11', 1.1, NULL, '2020-04-25 16:29:18', 0, '2020-03-29 21:56:44', '2020-04-24 21:29:18'),
(71, 16, 1, 22, 30, 26, 44, '67DCHT21', 1, NULL, '2020-04-25 16:29:18', 0, '2020-03-29 21:57:23', '2020-04-24 21:29:18'),
(72, 16, 1, 22, 30, 27, 42, '67DCHT22', 1, NULL, '2020-04-25 16:29:18', 0, '2020-03-29 21:58:54', '2020-04-24 21:29:18'),
(73, 16, 1, 22, 30, 28, 37, '67DCHT23', 1, NULL, '2020-04-25 16:29:18', 0, '2020-03-29 21:59:53', '2020-04-24 21:29:18'),
(74, 16, 1, 22, 31, 26, 44, '67DCHT21', 1, NULL, '2020-04-25 16:29:18', 0, '2020-03-29 22:00:19', '2020-04-24 21:29:18'),
(75, 16, 1, 22, 29, 28, 37, '67DCHT23', 1, NULL, '2020-04-25 16:29:18', 0, '2020-03-29 22:00:43', '2020-04-24 21:29:18'),
(76, 17, 1, 22, 39, 31, 55, '68DCHT21', 1.1, NULL, '2020-04-25 17:26:21', 0, '2020-03-29 22:07:38', '2020-04-24 22:26:21'),
(77, 17, 1, 22, 30, 32, 53, '68DCHT22', 1.1, NULL, '2020-04-25 17:26:21', 0, '2020-03-29 22:08:01', '2020-04-24 22:26:21'),
(78, 17, 1, 22, 39, 32, 53, '68DCHT22', 1.1, NULL, '2020-04-25 17:26:21', 0, '2020-03-29 22:08:27', '2020-04-24 22:26:21'),
(79, 17, 1, 22, 30, 36, 51, '68DCHT23', 1.1, NULL, '2020-04-25 17:26:21', 0, '2020-03-29 22:09:04', '2020-04-24 22:26:21'),
(80, 17, 1, 22, 39, 36, 51, '68DCHT23', 1.1, NULL, '2020-04-25 17:26:21', 0, '2020-03-29 22:09:25', '2020-04-24 22:26:21'),
(81, 17, 1, 22, 29, 32, 53, '68DCHT22', 1.1, NULL, '2020-04-25 17:26:21', 0, '2020-03-29 22:09:51', '2020-04-24 22:26:21'),
(82, 17, 1, 22, 41, 40, 62, '69DCTT22', 1.1, NULL, '2020-04-25 17:26:21', 0, '2020-03-29 22:13:01', '2020-04-24 22:26:21'),
(90, 17, 1, 31, 20, 33, 47, '69DCHT21', 1, 'Thứ 2: 6->9\r\nPhòng A2.302', '2020-04-24 17:55:13', 1, '2020-04-23 22:55:13', '2020-04-23 22:55:13'),
(91, 17, 1, 31, 20, 40, 62, '69DCTT22', 1.1, 'Thứ 4: 6->7 A2.201\r\nThứ 6: 4->5 A2.204', '2020-04-24 17:56:36', 1, '2020-04-23 22:56:36', '2020-04-23 22:56:36'),
(92, 22, 1, 31, 47, 40, 62, '69DCTT22', 1.1, '10/02/20 ~ 24/05/20', '2020-05-03 14:27:38', 1, '2020-04-23 22:58:48', '2020-05-02 19:27:38'),
(93, 22, 1, 31, 32, 33, 49, '69DCHT21', 1, NULL, '2020-05-03 14:27:04', 1, '2020-04-23 23:01:40', '2020-05-02 19:27:04'),
(94, 22, 1, 31, 32, 35, 45, '69DCHT23', 1, NULL, '2020-05-03 14:27:10', 1, '2020-04-23 23:02:42', '2020-05-02 19:27:10'),
(95, 22, 1, 31, 47, 41, 60, '69DCTT23', 1, NULL, '2020-05-03 14:27:18', 1, '2020-04-23 23:04:54', '2020-05-02 19:27:18'),
(96, 23, 1, 42, 14, 27, 42, '67DCHT22', 1, NULL, '2020-04-24 18:25:47', 1, '2020-04-23 23:25:47', '2020-04-23 23:25:47'),
(97, 23, 1, 42, 14, 31, 59, '68DCHT21', 1.1, NULL, '2020-04-24 18:26:14', 1, '2020-04-23 23:26:14', '2020-04-23 23:26:14'),
(98, 24, 1, 42, 39, 26, 40, '67DCHT21', 1, NULL, '2020-04-24 18:27:25', 1, '2020-04-23 23:27:25', '2020-04-23 23:27:25'),
(99, 24, 1, 42, 39, 29, 21, '67DCHTA1', 1, NULL, '2020-04-24 18:28:23', 1, '2020-04-23 23:28:23', '2020-04-23 23:28:23'),
(100, 17, 1, 31, 52, 29, 22, '67DCHTA1', 1, NULL, '2020-04-25 13:49:54', 0, '2020-04-24 18:27:54', '2020-04-24 18:49:54'),
(101, 17, 1, 31, 52, 29, 22, '67DCHTA1', 1, NULL, '2020-04-25 13:54:05', 0, '2020-04-24 18:50:22', '2020-04-24 18:54:05'),
(102, 22, 1, 31, 52, 28, 30, '67DCHT23', 1, NULL, '2020-04-25 14:13:38', 0, '2020-04-24 18:54:29', '2020-04-24 19:13:38'),
(103, 23, 1, 31, 52, 42, 57, '66DCHT21', 1.1, NULL, '2020-05-03 14:25:19', 1, '2020-04-24 19:22:37', '2020-05-02 19:25:19'),
(104, 23, 1, 31, 52, 44, 41, '66DCHT23', 1, NULL, '2020-05-03 14:25:53', 1, '2020-04-24 19:24:08', '2020-05-02 19:25:53'),
(105, 23, 1, 31, 33, 42, 57, '66DCHT21', 1.1, NULL, '2020-05-03 14:25:39', 1, '2020-04-24 19:24:48', '2020-05-02 19:25:39'),
(106, 24, 1, 31, 52, 26, 40, '67DCHT21', 1, NULL, '2020-04-25 14:26:40', 1, '2020-04-24 19:26:40', '2020-04-24 19:26:40'),
(107, 24, 1, 31, 52, 28, 36, '67DCHT23', 1, NULL, '2020-04-26 16:26:38', 1, '2020-04-24 19:27:19', '2020-04-25 21:26:38'),
(108, 24, 1, 31, 47, 26, 40, '67DCHT21', 1, NULL, '2020-04-25 14:27:49', 1, '2020-04-24 19:27:49', '2020-04-24 19:27:49'),
(109, 24, 1, 31, 47, 29, 21, '67DCHTA1', 1, NULL, '2020-04-25 14:28:13', 1, '2020-04-24 19:28:13', '2020-04-24 19:28:13'),
(110, 24, 1, 31, 49, 28, 37, '67DCHT23', 1, NULL, '2020-04-25 14:28:42', 1, '2020-04-24 19:28:42', '2020-04-24 19:28:42'),
(111, 24, 1, 31, 49, 29, 21, '67DCHTA1', 1, NULL, '2020-04-25 14:29:01', 1, '2020-04-24 19:29:01', '2020-04-24 19:29:01'),
(112, 22, 1, 22, 31, 31, 55, '68DCHT21', 1.1, '10/02/20 ~ 24/05/20', '2020-04-25 17:26:03', 0, '2020-04-24 19:41:25', '2020-04-24 22:26:03'),
(113, 22, 1, 22, 31, 36, 51, '68DCHT23', 1.1, NULL, '2020-04-25 17:26:03', 0, '2020-04-24 19:42:40', '2020-04-24 22:26:03'),
(114, 22, 1, 22, 19, 33, 49, '69DCHT21', 1, NULL, '2020-04-25 14:43:43', 1, '2020-04-24 19:43:43', '2020-04-24 19:43:43'),
(115, 22, 1, 22, 19, 34, 47, '69DCHT22', 1, NULL, '2020-04-25 14:44:13', 1, '2020-04-24 19:44:13', '2020-04-24 19:44:13'),
(116, 17, 1, 37, 48, 31, 55, '68DCHT21', 1, '05/08/2019 ~ 17/11/2019', '2020-04-25 17:30:08', 1, '2020-04-24 19:58:12', '2020-04-24 22:30:08'),
(117, 17, 1, 37, 48, 32, 53, '68DCHT22', 1, NULL, '2020-04-25 17:30:21', 1, '2020-04-24 19:58:41', '2020-04-24 22:30:21'),
(118, 17, 1, 37, 48, 36, 51, '68DCHT23', 1, NULL, '2020-04-25 17:30:34', 1, '2020-04-24 19:59:04', '2020-04-24 22:30:34'),
(119, 17, 1, 37, 40, 35, 44, '69DCHT23', 1, NULL, '2020-04-25 14:59:32', 1, '2020-04-24 19:59:32', '2020-04-24 19:59:32'),
(120, 22, 1, 37, 46, 36, 51, '68DCHT23', 1, '10/02/2020 ~ 24/05/2020', '2020-04-25 17:29:15', 1, '2020-04-24 20:03:46', '2020-04-24 22:29:15'),
(121, 22, 1, 37, 27, 45, 60, '70DCTT21', 1, NULL, '2020-04-25 17:29:33', 1, '2020-04-24 20:04:48', '2020-04-24 22:29:33'),
(122, 22, 1, 37, 40, 46, 59, '70DCTT22', 1, NULL, '2020-04-25 17:29:40', 1, '2020-04-24 20:05:20', '2020-04-24 22:29:40'),
(123, 22, 1, 37, 40, 47, 56, '70DCTT23', 1, NULL, '2020-04-25 17:29:49', 1, '2020-04-24 20:05:40', '2020-04-24 22:29:49'),
(124, 23, 1, 37, 48, 43, 47, '66DCHT22', 1, NULL, '2020-04-25 15:08:00', 1, '2020-04-24 20:08:00', '2020-04-24 20:08:00'),
(125, 23, 1, 37, 48, 27, 42, '67DCHT22', 1, NULL, '2020-04-25 15:08:42', 1, '2020-04-24 20:08:42', '2020-04-24 20:08:42'),
(126, 23, 1, 37, 48, 28, 37, '67DCHT23', 1, NULL, '2020-04-25 15:09:08', 1, '2020-04-24 20:09:08', '2020-04-24 20:09:08'),
(127, 23, 1, 37, 27, 32, 59, '68DCHT22', 1, NULL, '2020-04-25 17:30:57', 1, '2020-04-24 20:10:06', '2020-04-24 22:30:57'),
(128, 23, 1, 37, 40, 32, 59, '68DCHT22', 1, NULL, '2020-04-25 17:31:08', 1, '2020-04-24 20:10:31', '2020-04-24 22:31:08'),
(129, 23, 1, 37, 40, 36, 58, '68DCHT23', 1, NULL, '2020-04-25 17:31:27', 1, '2020-04-24 20:11:05', '2020-04-24 22:31:27'),
(130, 24, 1, 37, 46, 27, 41, '67DCHT22', 1, '11/02/2019 ~ 26/05/2019', '2020-04-25 15:12:30', 1, '2020-04-24 20:12:30', '2020-04-24 20:12:30'),
(131, 24, 1, 37, 27, 51, 61, '69DCTT21', 1.1, NULL, '2020-04-25 15:17:04', 1, '2020-04-24 20:17:04', '2020-04-24 20:17:04'),
(132, 24, 1, 37, 27, 41, 62, '69DCTT23', 1.1, NULL, '2020-04-25 15:17:36', 1, '2020-04-24 20:17:36', '2020-04-24 20:17:36'),
(133, 24, 1, 37, 40, 51, 61, '69DCTT21', 1.1, NULL, '2020-04-25 15:18:09', 1, '2020-04-24 20:18:09', '2020-04-24 20:18:09'),
(134, 24, 1, 37, 40, 52, 36, '69DCTM21', 1, NULL, '2020-04-25 15:18:38', 1, '2020-04-24 20:18:38', '2020-04-24 20:18:38'),
(135, 24, 1, 37, 40, 53, 36, '69DCTM22', 1, NULL, '2020-04-25 15:19:01', 1, '2020-04-24 20:19:01', '2020-04-24 20:19:01'),
(136, 17, 1, 22, 41, 40, 62, '69DCTT22', 1.1, NULL, '2020-04-25 17:43:44', 1, '2020-04-24 22:43:44', '2020-04-24 22:43:44'),
(137, 17, 1, 22, 39, 31, 55, '68DCHT21', 1, NULL, '2020-04-25 17:44:08', 1, '2020-04-24 22:44:08', '2020-04-24 22:44:08'),
(138, 17, 1, 22, 39, 32, 53, '68DCHT22', 1, NULL, '2020-04-25 17:44:35', 1, '2020-04-24 22:44:35', '2020-04-24 22:44:35'),
(139, 17, 1, 22, 39, 36, 51, '68DCHT23', 1, NULL, '2020-04-25 17:44:57', 1, '2020-04-24 22:44:57', '2020-04-24 22:44:57'),
(140, 17, 1, 22, 29, 32, 53, '68DCHT22', 1, NULL, '2020-04-25 17:46:02', 1, '2020-04-24 22:46:02', '2020-04-24 22:46:02'),
(141, 17, 1, 22, 30, 32, 53, '68DCHT22', 1, NULL, '2020-04-25 17:46:22', 1, '2020-04-24 22:46:22', '2020-04-24 22:46:22'),
(142, 17, 1, 22, 30, 36, 51, '68DCHT23', 1, NULL, '2020-04-25 17:46:43', 1, '2020-04-24 22:46:43', '2020-04-24 22:46:43'),
(143, 22, 1, 22, 31, 31, 55, '68DCHT21', 1, NULL, '2020-04-25 17:48:11', 1, '2020-04-24 22:48:11', '2020-04-24 22:48:11'),
(144, 22, 1, 22, 31, 36, 51, '68DCHT23', 1, NULL, '2020-04-25 17:48:30', 1, '2020-04-24 22:48:30', '2020-04-24 22:48:30'),
(145, 17, 1, 22, 50, 29, 7, '67DCHTA1', 1, NULL, '2020-04-25 17:49:47', 1, '2020-04-24 22:49:47', '2020-04-24 22:49:47'),
(146, 17, 1, 22, 51, 29, 7, '67DCHTA1', 1, NULL, '2020-04-25 17:50:01', 1, '2020-04-24 22:50:01', '2020-04-24 22:50:01'),
(147, 17, 1, 22, 50, 27, 1, '67DCHT22', 1, NULL, '2020-04-25 17:50:28', 1, '2020-04-24 22:50:28', '2020-04-24 22:50:28'),
(148, 17, 1, 22, 51, 27, 1, '67DCHT22', 1, NULL, '2020-04-25 17:50:47', 1, '2020-04-24 22:50:47', '2020-04-24 22:50:47'),
(149, 17, 1, 22, 50, 43, 2, '66DCHT22', 1, NULL, '2020-04-25 17:51:10', 1, '2020-04-24 22:51:10', '2020-04-24 22:51:10'),
(150, 17, 1, 22, 51, 43, 2, '66DCHT22', 1, NULL, '2020-04-25 17:51:28', 1, '2020-04-24 22:51:28', '2020-04-24 22:51:28'),
(151, 23, 1, 22, 29, 28, 37, '67DCHT23', 1, NULL, '2020-04-25 18:19:24', 1, '2020-04-24 23:19:24', '2020-04-24 23:19:24'),
(152, 23, 1, 22, 31, 25, 60, '67DCHT11', 1, NULL, '2020-04-25 18:25:42', 1, '2020-04-24 23:25:42', '2020-04-24 23:25:42'),
(153, 23, 1, 22, 38, 25, 60, '67DCHT11', 1, NULL, '2020-04-25 18:26:05', 1, '2020-04-24 23:26:05', '2020-04-24 23:26:05'),
(154, 23, 1, 22, 30, 26, 44, '67DCHT21', 1, NULL, '2020-04-25 18:26:38', 1, '2020-04-24 23:26:38', '2020-04-24 23:26:38'),
(155, 23, 1, 22, 30, 27, 42, '67DCHT22', 1, NULL, '2020-04-25 18:27:08', 1, '2020-04-24 23:27:08', '2020-04-24 23:27:08'),
(156, 23, 1, 22, 31, 26, 44, '67DCHT21', 1, NULL, '2020-04-25 18:27:37', 1, '2020-04-24 23:27:37', '2020-04-24 23:27:37'),
(157, 23, 1, 22, 30, 28, 37, '67DCHT23', 1, NULL, '2020-04-25 18:27:56', 1, '2020-04-24 23:27:56', '2020-04-24 23:27:56'),
(158, 24, 1, 22, 19, 31, 55, '68DCHT21', 1, NULL, '2020-04-25 18:31:22', 1, '2020-04-24 23:31:22', '2020-04-24 23:31:22'),
(159, 24, 1, 22, 24, 33, 47, '69DCHT21', 1, NULL, '2020-04-25 18:31:48', 1, '2020-04-24 23:31:48', '2020-04-24 23:31:48'),
(160, 24, 1, 22, 39, 27, 41, '67DCHT22', 1, NULL, '2020-04-25 18:32:15', 1, '2020-04-24 23:32:15', '2020-04-24 23:32:15'),
(161, 24, 1, 22, 39, 25, 60, '67DCHT11', 1, NULL, '2020-04-25 18:32:46', 1, '2020-04-24 23:32:46', '2020-04-24 23:32:46'),
(162, 24, 1, 22, 19, 30, 60, '68DCHT11', 1, NULL, '2020-04-25 18:33:13', 1, '2020-04-24 23:33:13', '2020-04-24 23:33:13'),
(163, 24, 1, 22, 24, 34, 45, '69DCHT22', 1, NULL, '2020-04-25 18:33:41', 1, '2020-04-24 23:33:41', '2020-04-24 23:33:41'),
(164, 24, 1, 22, 39, 28, 37, '67DCHT23', 1, NULL, '2020-04-25 18:34:05', 1, '2020-04-24 23:34:05', '2020-04-24 23:34:05'),
(165, 24, 1, 22, 53, 54, 16, '69CCCD21', 1, NULL, '2020-04-26 16:08:54', 1, '2020-04-25 21:08:54', '2020-04-25 21:08:54'),
(166, 24, 1, 22, 50, 42, 10, '66DCHT21', 1, NULL, '2020-04-26 16:10:06', 1, '2020-04-25 21:10:06', '2020-04-25 21:10:06'),
(167, 24, 1, 22, 50, 43, 10, '66DCHT22', 1, NULL, '2020-04-26 16:10:24', 1, '2020-04-25 21:10:24', '2020-04-25 21:10:24'),
(168, 24, 1, 22, 50, 44, 5, '66DCHT23', 1, NULL, '2020-04-26 16:11:05', 1, '2020-04-25 21:11:05', '2020-04-25 21:11:05'),
(169, 24, 1, 22, 51, 42, 10, '66DCHT21', 1, NULL, '2020-04-26 16:11:41', 1, '2020-04-25 21:11:26', '2020-04-25 21:11:41'),
(170, 24, 1, 22, 51, 43, 10, '66DCHT22', 1, NULL, '2020-04-26 16:11:57', 1, '2020-04-25 21:11:57', '2020-04-25 21:11:57'),
(171, 24, 1, 22, 51, 44, 5, '66DCHT23', 1, NULL, '2020-04-26 16:12:12', 1, '2020-04-25 21:12:12', '2020-04-25 21:12:12'),
(172, 24, 1, 40, 49, 27, 41, '67DCHT22', 1, NULL, '2020-04-26 16:51:30', 1, '2020-04-25 21:51:30', '2020-04-25 21:51:30'),
(173, 24, 1, 40, 50, 24, 10, '67DCDT22', 1, NULL, '2020-04-27 17:18:53', 0, '2020-04-26 22:06:40', '2020-04-26 22:18:53'),
(174, 17, 1, 40, 51, 30, 10, '68DCHT11', 1, NULL, '2020-04-27 17:18:43', 0, '2020-04-26 22:13:17', '2020-04-26 22:18:43'),
(175, 24, 1, 31, 50, 42, 10, '66DCHT21', 1, NULL, '2020-04-28 14:52:31', 1, '2020-04-27 19:52:31', '2020-04-27 19:52:31'),
(176, 24, 1, 31, 50, 43, 15, '66DCHT22', 1, NULL, '2020-04-28 14:53:38', 1, '2020-04-27 19:52:59', '2020-04-27 19:53:38'),
(177, 24, 1, 31, 50, 44, 10, '66DCHT23', 1, NULL, '2020-04-28 14:54:05', 1, '2020-04-27 19:54:05', '2020-04-27 19:54:05'),
(178, 15, 1, 31, 19, 27, 41, '67DCHT22', 1, NULL, '2020-04-30 14:57:16', 0, '2020-04-27 20:34:16', '2020-04-29 19:57:16'),
(179, 15, 1, 22, 19, 29, 42, '67DCHTA1', 1, NULL, '2020-05-04 03:43:31', 0, '2020-04-27 20:35:47', '2020-05-03 20:43:31'),
(180, 24, 1, 31, 51, 42, 10, '66DCHT21', 1, NULL, '2020-04-30 14:59:40', 1, '2020-04-29 19:59:40', '2020-04-29 19:59:40'),
(181, 24, 1, 31, 51, 43, 15, '66DCHT22', 1, NULL, '2020-04-30 14:59:56', 1, '2020-04-29 19:59:56', '2020-04-29 19:59:56'),
(182, 24, 1, 31, 51, 44, 10, '66DCHT23', 1, NULL, '2020-04-30 15:00:13', 1, '2020-04-29 20:00:13', '2020-04-29 20:00:13'),
(183, 24, 1, 31, 50, 22, 5, '65DCHT21', 1, NULL, '2020-04-30 15:00:40', 1, '2020-04-29 20:00:40', '2020-04-29 20:00:40'),
(184, 24, 1, 31, 51, 22, 5, '65DCHT21', 1, NULL, '2020-04-30 15:00:59', 1, '2020-04-29 20:00:59', '2020-04-29 20:00:59'),
(185, 24, 1, 40, 49, 26, 40, '67DCHT21', 1, NULL, '2020-04-30 15:08:40', 1, '2020-04-29 20:08:40', '2020-04-29 20:08:40'),
(186, 24, 1, 40, 55, 40, 62, '69DCTT22', 1.1, '11/02/19 ~ 26/05/19', '2020-04-30 15:22:12', 1, '2020-04-29 20:22:12', '2020-04-29 20:22:12'),
(187, 24, 1, 40, 54, 52, 36, '69DCTM21', 1, NULL, '2020-04-30 15:25:12', 1, '2020-04-29 20:25:12', '2020-04-29 20:25:12'),
(188, 17, 1, 40, 20, 51, 61, '69DCTT21', 1.1, NULL, '2020-04-30 15:27:59', 1, '2020-04-29 20:27:20', '2020-04-29 20:27:59'),
(189, 17, 1, 40, 16, 34, 45, '69DCHT22', 1, NULL, '2020-04-30 15:28:21', 1, '2020-04-29 20:28:21', '2020-04-29 20:28:21'),
(190, 17, 1, 40, 17, 41, 62, '69DCTT23', 1.1, NULL, '2020-04-30 15:30:13', 1, '2020-04-29 20:30:13', '2020-04-29 20:30:13'),
(191, 22, 1, 40, 17, 33, 48, '69DCHT21', 1, NULL, '2020-04-30 15:32:19', 1, '2020-04-29 20:32:19', '2020-04-29 20:32:19'),
(192, 22, 1, 40, 55, 45, 60, '70DCTT21', 1, NULL, '2020-04-30 15:33:44', 1, '2020-04-29 20:33:44', '2020-04-29 20:33:44'),
(193, 22, 1, 40, 27, 46, 59, '70DCTT22', 1, NULL, '2020-04-30 15:34:07', 1, '2020-04-29 20:34:07', '2020-04-29 20:34:07'),
(194, 23, 1, 39, 20, 31, 59, '68DCHT21', 1, NULL, '2020-04-30 15:36:34', 1, '2020-04-29 20:36:34', '2020-04-29 20:36:34'),
(195, 23, 1, 39, 20, 32, 59, '68DCHT22', 1, NULL, '2020-04-30 15:36:53', 1, '2020-04-29 20:36:53', '2020-04-29 20:36:53'),
(196, 23, 1, 39, 20, 36, 58, '68DCHT23', 1, NULL, '2020-04-30 15:37:13', 1, '2020-04-29 20:37:13', '2020-04-29 20:37:13'),
(197, 23, 1, 39, 40, 31, 59, '68DCHT21', 1, NULL, '2020-04-30 15:37:34', 1, '2020-04-29 20:37:34', '2020-04-29 20:37:34'),
(198, 24, 1, 39, 27, 33, 47, '69DCHT21', 1, NULL, '2020-04-30 15:39:26', 1, '2020-04-29 20:39:26', '2020-04-29 20:39:26'),
(199, 24, 1, 39, 27, 34, 45, '69DCHT22', 1, NULL, '2020-04-30 15:39:49', 1, '2020-04-29 20:39:49', '2020-04-29 20:39:49'),
(200, 24, 1, 39, 54, 33, 47, '69DCHT21', 1, NULL, '2020-04-30 15:40:55', 1, '2020-04-29 20:40:55', '2020-04-29 20:40:55'),
(201, 24, 1, 39, 40, 40, 62, '69DCTT22', 1.1, NULL, '2020-04-30 15:41:16', 1, '2020-04-29 20:41:16', '2020-04-29 20:41:16'),
(202, 24, 1, 39, 40, 41, 61, '69DCTT23', 1.1, NULL, '2020-04-30 15:41:39', 1, '2020-04-29 20:41:39', '2020-04-29 20:41:39'),
(203, 17, 1, 39, 20, 34, 45, '69DCHT22', 1, NULL, '2020-04-30 15:42:44', 1, '2020-04-29 20:42:44', '2020-04-29 20:42:44'),
(204, 17, 1, 39, 20, 41, 62, '69DCTT23', 1.1, NULL, '2020-04-30 15:43:11', 1, '2020-04-29 20:43:11', '2020-04-29 20:43:11'),
(205, 17, 1, 39, 40, 34, 45, '69DCHT22', 1, NULL, '2020-04-30 15:43:45', 1, '2020-04-29 20:43:45', '2020-04-29 20:43:45'),
(206, 17, 1, 39, 56, 55, 45, '69DCTD22', 1, NULL, '2020-04-30 15:48:18', 1, '2020-04-29 20:48:18', '2020-04-29 20:48:18'),
(207, 22, 1, 39, 23, 32, 52, '68DCHT22', 1, NULL, '2020-04-30 15:49:16', 1, '2020-04-29 20:49:16', '2020-04-29 20:49:16'),
(208, 22, 1, 39, 55, 47, 56, '70DCTT23', 1.1, NULL, '2020-04-30 15:50:32', 1, '2020-04-29 20:50:22', '2020-04-29 20:50:32'),
(209, 22, 1, 39, 40, 56, 58, '70DCTT24', 1, NULL, '2020-04-30 15:51:34', 1, '2020-04-29 20:51:34', '2020-04-29 20:51:34'),
(210, 22, 1, 39, 40, 57, 59, '70DCTT25', 1, NULL, '2020-04-30 15:51:48', 1, '2020-04-29 20:51:48', '2020-04-29 20:51:48'),
(211, 17, 1, 39, 50, 28, 6, '67DCHT23', 1, NULL, '2020-04-30 15:53:50', 1, '2020-04-29 20:53:50', '2020-04-29 20:53:50'),
(212, 17, 1, 39, 51, 28, 6, '67DCHT23', 1, NULL, '2020-04-30 15:54:07', 1, '2020-04-29 20:54:07', '2020-04-29 20:54:07'),
(213, 17, 1, 39, 50, 29, 2, '67DCHTA1', 1, NULL, '2020-04-30 15:54:24', 1, '2020-04-29 20:54:24', '2020-04-29 20:54:24'),
(214, 17, 1, 39, 51, 29, 2, '67DCHTA1', 1, NULL, '2020-04-30 15:54:55', 1, '2020-04-29 20:54:55', '2020-04-29 20:54:55'),
(215, 17, 1, 39, 50, 44, 2, '66DCHT23', 1, NULL, '2020-04-30 15:55:14', 1, '2020-04-29 20:55:14', '2020-04-29 20:55:14'),
(216, 17, 1, 39, 51, 44, 2, '66DCHT23', 1, NULL, '2020-04-30 15:55:33', 1, '2020-04-29 20:55:33', '2020-04-29 20:55:33'),
(217, 17, 1, 37, 50, 29, 5, '67DCHTA1', 1, NULL, '2020-04-30 16:01:36', 1, '2020-04-29 21:01:36', '2020-04-29 21:01:36'),
(218, 17, 1, 37, 51, 29, 5, '67DCHTA1', 1, NULL, '2020-04-30 16:01:51', 1, '2020-04-29 21:01:51', '2020-04-29 21:01:51'),
(219, 17, 1, 37, 50, 27, 5, '67DCHT22', 1, NULL, '2020-04-30 16:02:12', 1, '2020-04-29 21:02:12', '2020-04-29 21:02:12'),
(220, 17, 1, 37, 51, 27, 5, '67DCHT22', 1, NULL, '2020-04-30 16:02:32', 1, '2020-04-29 21:02:32', '2020-04-29 21:02:32'),
(221, 24, 1, 37, 50, 43, 11, '66DCHT22', 1, NULL, '2020-04-30 16:05:39', 1, '2020-04-29 21:04:47', '2020-04-29 21:05:39'),
(222, 24, 1, 37, 51, 43, 11, '66DCHT22', 1, NULL, '2020-04-30 16:05:52', 1, '2020-04-29 21:05:16', '2020-04-29 21:05:52'),
(223, 15, 1, 42, 41, 42, 58, '66DCHT21', 1, NULL, '2020-05-01 03:23:15', 1, '2020-04-30 20:23:15', '2020-04-30 20:23:15'),
(224, 15, 1, 42, 41, 44, 40, '66DCHT23', 1, NULL, '2020-05-01 03:23:42', 1, '2020-04-30 20:23:42', '2020-04-30 20:23:42'),
(225, 22, 1, 41, 33, 31, 55, '68DCHT21', 1, NULL, '2020-05-01 03:33:49', 1, '2020-04-30 20:33:49', '2020-04-30 20:33:49'),
(226, 22, 1, 41, 33, 32, 52, '68DCHT22', 1, NULL, '2020-05-01 03:34:18', 1, '2020-04-30 20:34:18', '2020-04-30 20:34:18'),
(227, 22, 1, 41, 33, 36, 51, '68DCHT23', 1, NULL, '2020-05-01 03:34:35', 1, '2020-04-30 20:34:35', '2020-04-30 20:34:35'),
(228, 17, 1, 41, 15, 31, 55, '68DCHT21', 1, NULL, '2020-05-01 03:35:14', 1, '2020-04-30 20:35:14', '2020-04-30 20:35:14'),
(229, 17, 1, 41, 15, 32, 53, '68DCHT22', 1, NULL, '2020-05-01 03:35:35', 1, '2020-04-30 20:35:35', '2020-04-30 20:35:35'),
(230, 17, 1, 41, 24, 53, 36, '69DCTM22', 1, NULL, '2020-05-01 03:36:28', 1, '2020-04-30 20:36:28', '2020-04-30 20:36:28'),
(231, 23, 1, 41, 14, 26, 44, '67DCHT21', 1, NULL, '2020-05-01 15:37:18', 1, '2020-04-30 20:37:18', '2020-04-30 20:37:18'),
(232, 23, 1, 41, 14, 28, 37, '67DCHT23', 1, NULL, '2020-05-01 15:37:41', 1, '2020-04-30 20:37:41', '2020-04-30 20:37:41'),
(233, 23, 1, 41, 14, 36, 58, '68DCHT23', 1, NULL, '2020-05-01 15:38:00', 1, '2020-04-30 20:38:00', '2020-04-30 20:38:00'),
(234, 23, 1, 41, 33, 43, 47, '66DCHT22', 1, NULL, '2020-05-01 15:38:24', 1, '2020-04-30 20:38:24', '2020-04-30 20:38:24'),
(235, 23, 1, 41, 33, 44, 41, '66DCHT23', 1, NULL, '2020-05-01 15:38:46', 1, '2020-04-30 20:38:46', '2020-04-30 20:38:46'),
(236, 24, 1, 41, 33, 26, 40, '67DCHT21', 1, NULL, '2020-05-01 15:40:26', 1, '2020-04-30 20:40:26', '2020-04-30 20:40:26'),
(237, 24, 1, 41, 33, 27, 41, '67DCHT22', 1, NULL, '2020-05-01 15:40:43', 1, '2020-04-30 20:40:43', '2020-04-30 20:40:43'),
(238, 24, 1, 41, 33, 29, 21, '67DCHTA1', 1, NULL, '2020-05-01 15:41:04', 1, '2020-04-30 20:41:04', '2020-04-30 20:41:04'),
(239, 16, 1, 42, 41, 29, 24, '67DCHTA1', 1, NULL, '2020-05-01 15:44:32', 1, '2020-04-30 20:44:32', '2020-04-30 20:44:32'),
(240, 16, 1, 42, 41, 26, 48, '67DCHT21', 1, NULL, '2020-05-01 15:44:53', 1, '2020-04-30 20:44:53', '2020-04-30 20:44:53'),
(241, 16, 1, 42, 41, 27, 48, '67DCHT22', 1, NULL, '2020-05-01 15:45:31', 1, '2020-04-30 20:45:31', '2020-04-30 20:45:31'),
(242, 16, 1, 42, 39, 44, 39, '66DCHT23', 1, NULL, '2020-05-01 15:45:47', 1, '2020-04-30 20:45:47', '2020-04-30 20:45:47'),
(243, 23, 1, 35, 20, 58, 62, '68DCTM21', 1.1, NULL, '2020-05-01 15:58:10', 1, '2020-04-30 20:58:10', '2020-04-30 20:58:10'),
(244, 23, 1, 35, 52, 43, 47, '66DCHT22', 1, NULL, '2020-05-01 15:58:42', 1, '2020-04-30 20:58:42', '2020-04-30 20:58:42'),
(245, 23, 1, 35, 29, 29, 23, '67DCHTA1', 1, NULL, '2020-05-01 15:59:04', 1, '2020-04-30 20:59:04', '2020-04-30 20:59:04'),
(246, 23, 1, 35, 29, 26, 44, '67DCHT21', 1, NULL, '2020-05-01 15:59:38', 1, '2020-04-30 20:59:38', '2020-04-30 20:59:38'),
(247, 23, 1, 35, 18, 32, 59, '68DCHT22', 1, NULL, '2020-05-01 15:59:55', 1, '2020-04-30 20:59:55', '2020-04-30 20:59:55'),
(248, 24, 1, 35, 52, 27, 41, '67DCHT22', 1, NULL, '2020-05-01 16:01:20', 1, '2020-04-30 21:01:20', '2020-04-30 21:01:20'),
(249, 24, 1, 35, 32, 36, 51, '68DCHT23', 1, NULL, '2020-05-01 16:01:42', 1, '2020-04-30 21:01:42', '2020-04-30 21:01:42'),
(250, 24, 1, 35, 50, 42, 10, '66DCHT21', 1, NULL, '2020-05-01 16:02:56', 1, '2020-04-30 21:02:56', '2020-04-30 21:02:56'),
(251, 24, 1, 35, 51, 42, 10, '66DCHT21', 1, NULL, '2020-05-01 16:03:23', 1, '2020-04-30 21:03:23', '2020-04-30 21:03:23'),
(252, 24, 1, 35, 50, 38, 3, '65DCHT22', 1, NULL, '2020-05-01 16:03:40', 1, '2020-04-30 21:03:40', '2020-04-30 21:03:40'),
(253, 24, 1, 35, 51, 38, 3, '65DCHT22', 1, NULL, '2020-05-01 16:04:11', 1, '2020-04-30 21:04:11', '2020-04-30 21:04:11'),
(254, 17, 1, 35, 15, 36, 51, '68DCHT23', 1, NULL, '2020-05-01 16:06:30', 1, '2020-04-30 21:06:30', '2020-04-30 21:06:30'),
(255, 17, 1, 35, 29, 58, 57, '68DCTM21', 1, NULL, '2020-05-01 16:06:50', 1, '2020-04-30 21:06:50', '2020-04-30 21:06:50'),
(256, 17, 1, 35, 29, 59, 54, '68DCTM22', 1, NULL, '2020-05-01 16:07:15', 1, '2020-04-30 21:07:15', '2020-04-30 21:07:15'),
(257, 17, 1, 35, 18, 33, 47, '69DCHT21', 1, NULL, '2020-05-01 16:07:40', 1, '2020-04-30 21:07:40', '2020-04-30 21:07:40'),
(258, 22, 1, 35, 18, 41, 60, '69DCTT23', 1, NULL, '2020-05-01 16:08:46', 1, '2020-04-30 21:08:46', '2020-04-30 21:08:46'),
(259, 22, 1, 35, 32, 51, 60, '69DCTT21', 1, NULL, '2020-05-01 16:09:11', 1, '2020-04-30 21:09:11', '2020-04-30 21:09:11'),
(260, 17, 1, 35, 50, 26, 8, '67DCHT21', 1, NULL, '2020-05-01 16:09:58', 1, '2020-04-30 21:09:58', '2020-04-30 21:09:58'),
(261, 17, 1, 35, 51, 26, 8, '67DCHT21', 1, NULL, '2020-05-01 16:10:24', 1, '2020-04-30 21:10:24', '2020-04-30 21:10:24'),
(262, 17, 1, 35, 50, 43, 1, '66DCHT22', 1, NULL, '2020-05-01 16:10:40', 1, '2020-04-30 21:10:40', '2020-04-30 21:10:40'),
(263, 17, 1, 35, 51, 43, 1, '66DCHT22', 1, NULL, '2020-05-01 16:10:54', 1, '2020-04-30 21:10:54', '2020-04-30 21:10:54'),
(264, 23, 1, 28, 29, 27, 42, '67DCHT22', 1, NULL, '2020-05-02 03:43:19', 1, '2020-05-01 20:43:19', '2020-05-01 20:43:19'),
(265, 23, 1, 28, 29, 60, 44, '67DCTM21', 1, NULL, '2020-05-02 03:43:41', 1, '2020-05-01 20:43:41', '2020-05-01 20:43:41'),
(266, 23, 1, 28, 29, 61, 44, '67DCTM22', 1, NULL, '2020-05-02 03:44:02', 1, '2020-05-01 20:44:02', '2020-05-01 20:44:02'),
(267, 23, 1, 28, 18, 31, 59, '68DCHT21', 1, NULL, '2020-05-02 03:44:22', 1, '2020-05-01 20:44:22', '2020-05-01 20:44:22'),
(268, 23, 1, 28, 58, 61, 44, '67DCTM22', 1, NULL, '2020-05-02 09:53:19', 1, '2020-05-02 02:53:19', '2020-05-02 02:53:19'),
(269, 23, 1, 28, 38, 29, 23, '67DCHTA1', 1, NULL, '2020-05-02 09:53:37', 1, '2020-05-02 02:53:37', '2020-05-02 02:53:37'),
(270, 23, 1, 28, 38, 26, 44, '67DCHT21', 1, NULL, '2020-05-02 09:53:54', 1, '2020-05-02 02:53:54', '2020-05-02 02:53:54'),
(271, 23, 1, 28, 38, 27, 42, '67DCHT22', 1, NULL, '2020-05-02 09:54:19', 1, '2020-05-02 02:54:19', '2020-05-02 02:54:19'),
(272, 23, 1, 28, 30, 29, 23, '67DCHTA1', 1, NULL, '2020-05-02 09:54:50', 1, '2020-05-02 02:54:50', '2020-05-02 02:54:50'),
(273, 24, 1, 28, 52, 29, 21, '67DCHTA1', 1, NULL, '2020-05-02 09:57:43', 1, '2020-05-02 02:57:43', '2020-05-02 02:57:43'),
(274, 24, 1, 28, 16, 36, 51, '68DCHT23', 1, NULL, '2020-05-02 09:58:03', 1, '2020-05-02 02:58:03', '2020-05-02 02:58:03'),
(275, 24, 1, 28, 55, 41, 62, '69DCTT23', 1.1, NULL, '2020-05-02 09:58:53', 1, '2020-05-02 02:58:53', '2020-05-02 02:58:53'),
(276, 24, 1, 28, 32, 32, 53, '68DCHT22', 1, NULL, '2020-05-02 09:59:33', 1, '2020-05-02 02:59:33', '2020-05-02 02:59:33'),
(277, 24, 1, 28, 54, 35, 44, '69DCHT23', 1, NULL, '2020-05-02 09:59:56', 1, '2020-05-02 02:59:56', '2020-05-02 02:59:56'),
(278, 24, 1, 28, 50, 43, 5, '66DCHT22', 1, NULL, '2020-05-02 10:01:08', 1, '2020-05-02 03:01:08', '2020-05-02 03:01:08'),
(279, 24, 1, 28, 51, 43, 5, '66DCHT22', 1, NULL, '2020-05-02 10:01:41', 1, '2020-05-02 03:01:41', '2020-05-02 03:01:41'),
(280, 24, 1, 28, 50, 44, 5, '66DCHT23', 1, NULL, '2020-05-02 10:01:57', 1, '2020-05-02 03:01:57', '2020-05-02 03:01:57'),
(281, 24, 1, 28, 51, 44, 5, '66DCHT23', 1, NULL, '2020-05-02 10:02:12', 1, '2020-05-02 03:02:12', '2020-05-02 03:02:12'),
(282, 17, 1, 28, 29, 31, 55, '68DCHT21', 1, NULL, '2020-05-02 10:03:06', 1, '2020-05-02 03:03:06', '2020-05-02 03:03:06'),
(283, 17, 1, 28, 59, 62, 35, '69DCTD21', 1, NULL, '2020-05-02 10:10:48', 1, '2020-05-02 03:10:48', '2020-05-02 03:10:48'),
(284, 17, 1, 28, 30, 31, 55, '68DCHT21', 1, NULL, '2020-05-02 10:11:15', 1, '2020-05-02 03:11:15', '2020-05-02 03:11:15'),
(285, 17, 1, 28, 29, 36, 51, '68DCHT23', 1, NULL, '2020-05-02 10:11:51', 1, '2020-05-02 03:11:51', '2020-05-02 03:11:51'),
(286, 17, 1, 28, 18, 34, 45, '69DCHT22', 1, NULL, '2020-05-02 10:12:08', 1, '2020-05-02 03:12:08', '2020-05-02 03:12:08'),
(287, 17, 1, 28, 38, 32, 53, '68DCHT22', 1, NULL, '2020-05-02 10:12:26', 1, '2020-05-02 03:12:26', '2020-05-02 03:12:26'),
(288, 17, 1, 28, 38, 36, 51, '68DCHT23', 1, NULL, '2020-05-02 10:12:44', 1, '2020-05-02 03:12:44', '2020-05-02 03:12:44'),
(289, 17, 1, 28, 50, 27, 5, '67DCHT22', 1, NULL, '2020-05-02 10:13:16', 1, '2020-05-02 03:13:16', '2020-05-02 03:13:16'),
(290, 17, 1, 28, 51, 27, 5, '67DCHT22', 1, NULL, '2020-05-02 10:13:34', 1, '2020-05-02 03:13:34', '2020-05-02 03:13:34'),
(291, 17, 1, 28, 50, 28, 4, '67DCHT23', 1, NULL, '2020-05-02 10:13:54', 1, '2020-05-02 03:13:54', '2020-05-02 03:13:54'),
(292, 17, 1, 28, 51, 28, 4, '67DCHT23', 1, NULL, '2020-05-02 10:14:15', 1, '2020-05-02 03:14:15', '2020-05-02 03:14:15'),
(293, 22, 1, 28, 18, 51, 60, '69DCTT21', 1, NULL, '2020-05-02 10:20:47', 1, '2020-05-02 03:20:47', '2020-05-02 03:20:47'),
(294, 22, 1, 28, 38, 33, 49, '69DCHT21', 1, NULL, '2020-05-02 10:21:12', 1, '2020-05-02 03:21:12', '2020-05-02 03:21:12'),
(295, 22, 1, 28, 38, 35, 45, '69DCHT23', 1, NULL, '2020-05-02 10:21:28', 1, '2020-05-02 03:21:28', '2020-05-02 03:21:28'),
(296, 22, 1, 28, 32, 34, 47, '69DCHT22', 1, NULL, '2020-05-02 10:21:50', 1, '2020-05-02 03:21:50', '2020-05-02 03:21:50'),
(297, 23, 1, 26, 18, 36, 58, '68DCHT23', 1, NULL, '2020-05-02 15:26:14', 1, '2020-05-01 20:26:14', '2020-05-01 20:26:14'),
(298, 23, 1, 26, 31, 29, 23, '67DCHTA1', 1, NULL, '2020-05-02 15:26:34', 1, '2020-05-01 20:26:34', '2020-05-01 20:26:34'),
(299, 23, 1, 26, 31, 27, 42, '67DCHT22', 1, NULL, '2020-05-02 15:26:52', 1, '2020-05-01 20:26:52', '2020-05-01 20:26:52'),
(300, 23, 1, 26, 31, 28, 37, '67DCHT23', 1, NULL, '2020-05-02 15:27:12', 1, '2020-05-01 20:27:12', '2020-05-01 20:27:12'),
(301, 23, 1, 26, 61, 63, 60, '68DCKT23', 1, NULL, '2020-05-02 15:31:08', 1, '2020-05-01 20:31:08', '2020-05-01 20:31:08'),
(302, 24, 1, 26, 55, 51, 61, '69DCTT21', 1.1, NULL, '2020-05-02 15:36:08', 1, '2020-05-01 20:36:08', '2020-05-01 20:36:08'),
(303, 24, 1, 26, 19, 32, 53, '68DCHT22', 1, NULL, '2020-05-02 15:36:28', 1, '2020-05-01 20:36:28', '2020-05-01 20:36:28'),
(304, 24, 1, 26, 19, 36, 51, '68DCHT23', 1, NULL, '2020-05-02 15:36:50', 1, '2020-05-01 20:36:50', '2020-05-01 20:36:50'),
(305, 24, 1, 26, 54, 53, 36, '69DCTM22', 1, NULL, '2020-05-02 15:37:26', 1, '2020-05-01 20:37:26', '2020-05-01 20:37:26'),
(306, 24, 1, 26, 62, 40, 62, '69DCTT22', 1.1, NULL, '2020-05-02 15:41:13', 1, '2020-05-01 20:41:13', '2020-05-01 20:41:13'),
(307, 24, 1, 26, 50, 42, 10, '66DCHT21', 1, NULL, '2020-05-02 15:42:22', 1, '2020-05-01 20:42:22', '2020-05-01 20:42:22'),
(308, 24, 1, 26, 51, 42, 10, '66DCHT21', 1, NULL, '2020-05-02 15:42:42', 1, '2020-05-01 20:42:42', '2020-05-01 20:42:42'),
(309, 24, 1, 26, 50, 43, 7, '66DCHT22', 1, NULL, '2020-05-02 15:43:18', 1, '2020-05-01 20:43:04', '2020-05-01 20:43:18'),
(310, 24, 1, 26, 51, 43, 7, '66DCHT22', 1, NULL, '2020-05-02 15:43:32', 1, '2020-05-01 20:43:32', '2020-05-01 20:43:32'),
(311, 17, 1, 26, 17, 51, 61, '69DCTT21', 1.1, NULL, '2020-05-02 15:44:56', 1, '2020-05-01 20:44:56', '2020-05-01 20:44:56'),
(312, 17, 1, 26, 17, 40, 62, '69DCTT22', 1.1, NULL, '2020-05-02 15:45:17', 1, '2020-05-01 20:45:17', '2020-05-01 20:45:17'),
(313, 17, 1, 26, 18, 35, 44, '69DCHT23', 1, NULL, '2020-05-02 15:45:34', 1, '2020-05-01 20:45:34', '2020-05-01 20:45:34'),
(314, 17, 1, 26, 50, 26, 6, '67DCHT21', 1, NULL, '2020-05-02 15:46:04', 1, '2020-05-01 20:46:04', '2020-05-01 20:46:04'),
(315, 17, 1, 26, 51, 26, 6, '67DCHT21', 1, NULL, '2020-05-02 15:46:21', 1, '2020-05-01 20:46:21', '2020-05-01 20:46:21'),
(316, 17, 1, 26, 50, 29, 1, '67DCHTA1', 1, NULL, '2020-05-02 15:46:43', 1, '2020-05-01 20:46:43', '2020-05-01 20:46:43'),
(317, 17, 1, 26, 51, 29, 1, '67DCHTA1', 1, NULL, '2020-05-02 15:46:57', 1, '2020-05-01 20:46:57', '2020-05-01 20:46:57'),
(318, 17, 1, 26, 50, 44, 3, '66DCHT23', 1, NULL, '2020-05-02 15:47:13', 1, '2020-05-01 20:47:13', '2020-05-01 20:47:13'),
(319, 17, 1, 26, 51, 44, 3, '66DCHT23', 1, NULL, '2020-05-02 15:47:30', 1, '2020-05-01 20:47:30', '2020-05-01 20:47:30'),
(320, 22, 1, 26, 17, 35, 45, '69DCHT23', 1, NULL, '2020-05-02 15:48:20', 1, '2020-05-01 20:48:20', '2020-05-01 20:48:20'),
(321, 22, 1, 26, 55, 56, 58, '70DCTT24', 1, NULL, '2020-05-02 15:48:52', 1, '2020-05-01 20:48:52', '2020-05-01 20:48:52'),
(322, 22, 1, 26, 55, 57, 59, '70DCTT25', 1, NULL, '2020-05-02 15:49:16', 1, '2020-05-01 20:49:16', '2020-05-01 20:49:16'),
(323, 22, 1, 26, 31, 32, 52, '68DCHT22', 1, NULL, '2020-05-02 15:49:41', 1, '2020-05-01 20:49:41', '2020-05-01 20:49:41'),
(324, 23, 1, 38, 14, 29, 23, '67DCHTA1', 1, NULL, '2020-05-03 04:42:09', 1, '2020-05-02 21:42:09', '2020-05-02 21:42:09'),
(325, 23, 1, 38, 14, 32, 59, '68DCHT22', 1, NULL, '2020-05-03 04:42:29', 1, '2020-05-02 21:42:29', '2020-05-02 21:42:29'),
(326, 23, 1, 38, 24, 58, 62, '68DCTM21', 1.1, NULL, '2020-05-03 04:42:50', 1, '2020-05-02 21:42:50', '2020-05-02 21:42:50'),
(327, 23, 1, 38, 24, 59, 60, '68DCTM22', 1, NULL, '2020-05-03 04:43:07', 1, '2020-05-02 21:43:07', '2020-05-02 21:43:07'),
(328, 23, 1, 38, 61, 64, 43, '68DCMX22', 1, NULL, '2020-05-03 04:44:16', 1, '2020-05-02 21:44:16', '2020-05-02 21:44:16'),
(329, 24, 1, 38, 46, 26, 40, '67DCHT21', 1, NULL, '2020-05-03 04:45:05', 1, '2020-05-02 21:45:05', '2020-05-02 21:45:05'),
(330, 24, 1, 38, 46, 28, 37, '67DCHT23', 1, NULL, '2020-05-03 04:45:22', 1, '2020-05-02 21:45:22', '2020-05-02 21:45:22'),
(331, 24, 1, 38, 46, 29, 21, '67DCHTA1', 1, NULL, '2020-05-03 04:45:52', 1, '2020-05-02 21:45:38', '2020-05-02 21:45:52'),
(332, 24, 1, 38, 24, 35, 44, '69DCHT23', 1, NULL, '2020-05-03 04:46:20', 1, '2020-05-02 21:46:20', '2020-05-02 21:46:20'),
(333, 24, 1, 38, 32, 31, 54, '68DCHT21', 1, NULL, '2020-05-03 04:46:54', 1, '2020-05-02 21:46:54', '2020-05-02 21:46:54'),
(334, 24, 1, 38, 33, 28, 37, '67DCHT23', 1, NULL, '2020-05-03 04:47:14', 1, '2020-05-02 21:47:14', '2020-05-02 21:47:14'),
(335, 24, 1, 38, 50, 44, 10, '66DCHT23', 1, NULL, '2020-05-03 04:47:48', 1, '2020-05-02 21:47:48', '2020-05-02 21:47:48'),
(336, 24, 1, 38, 51, 44, 10, '66DCHT23', 1, NULL, '2020-05-03 04:48:08', 1, '2020-05-02 21:48:08', '2020-05-02 21:48:08'),
(337, 17, 1, 38, 24, 52, 36, '69DCTM21', 1, NULL, '2020-05-03 04:49:08', 1, '2020-05-02 21:49:08', '2020-05-02 21:49:08'),
(338, 17, 1, 38, 24, 40, 62, '69DCTT22', 1.1, NULL, '2020-05-03 04:49:26', 1, '2020-05-02 21:49:26', '2020-05-02 21:49:26'),
(339, 17, 1, 38, 24, 41, 62, '69DCTT23', 1.1, NULL, '2020-05-03 04:49:41', 1, '2020-05-02 21:49:41', '2020-05-02 21:49:41'),
(340, 17, 1, 38, 50, 26, 1, '67DCHT21', 1, NULL, '2020-05-03 04:50:26', 1, '2020-05-02 21:50:26', '2020-05-02 21:50:26'),
(341, 17, 1, 38, 51, 26, 1, '67DCHT21', 1, NULL, '2020-05-03 04:50:45', 1, '2020-05-02 21:50:45', '2020-05-02 21:50:45'),
(342, 17, 1, 38, 50, 27, 4, '67DCHT22', 1, NULL, '2020-05-03 04:51:00', 1, '2020-05-02 21:51:00', '2020-05-02 21:51:00'),
(343, 17, 1, 38, 51, 27, 4, '67DCHT22', 1, NULL, '2020-05-03 04:51:15', 1, '2020-05-02 21:51:15', '2020-05-02 21:51:15'),
(344, 22, 1, 38, 46, 31, 55, '68DCHT21', 1, NULL, '2020-05-03 04:51:56', 1, '2020-05-02 21:51:56', '2020-05-02 21:51:56'),
(345, 22, 1, 38, 46, 32, 52, '68DCHT22', 1, NULL, '2020-05-03 04:52:14', 1, '2020-05-02 21:52:14', '2020-05-02 21:52:14'),
(346, 22, 1, 38, 32, 40, 62, '69DCTT22', 1.1, NULL, '2020-05-03 04:52:34', 1, '2020-05-02 21:52:34', '2020-05-02 21:52:34'),
(347, 17, 1, 31, 50, 27, 7, '67DCHT22', 1, NULL, '2020-05-03 14:14:38', 1, '2020-05-02 19:14:38', '2020-05-02 19:14:38'),
(348, 17, 1, 31, 51, 27, 7, '67DCHT22', 1, NULL, '2020-05-03 14:15:04', 1, '2020-05-02 19:15:04', '2020-05-02 19:15:04'),
(349, 17, 1, 31, 50, 28, 6, '67DCHT23', 1, NULL, '2020-05-03 14:16:02', 1, '2020-05-02 19:16:02', '2020-05-02 19:16:02'),
(350, 17, 1, 31, 50, 29, 5, '67DCHTA1', 1, NULL, '2020-05-03 14:16:29', 1, '2020-05-02 19:16:29', '2020-05-02 19:16:29'),
(351, 17, 1, 31, 51, 29, 5, '67DCHTA1', 1, NULL, '2020-05-03 14:16:44', 1, '2020-05-02 19:16:44', '2020-05-02 19:16:44'),
(352, 17, 1, 31, 50, 26, 3, '67DCHT21', 1, NULL, '2020-05-03 14:17:08', 1, '2020-05-02 19:17:08', '2020-05-02 19:17:08'),
(353, 17, 1, 31, 51, 26, 3, '67DCHT21', 1, NULL, '2020-05-03 14:17:29', 1, '2020-05-02 19:17:29', '2020-05-02 19:17:29'),
(354, 17, 1, 31, 50, 22, 1, '65DCHT21', 1, NULL, '2020-05-03 14:17:50', 1, '2020-05-02 19:17:50', '2020-05-02 19:17:50'),
(355, 17, 1, 31, 51, 22, 1, '65DCHT21', 1, NULL, '2020-05-03 14:18:05', 1, '2020-05-02 19:18:05', '2020-05-02 19:18:05'),
(356, 17, 1, 31, 50, 42, 2, '66DCHT21', 1, NULL, '2020-05-03 14:18:19', 1, '2020-05-02 19:18:19', '2020-05-02 19:18:19'),
(357, 17, 1, 31, 51, 42, 2, '66DCHT21', 1, NULL, '2020-05-03 14:18:40', 1, '2020-05-02 19:18:40', '2020-05-02 19:18:40'),
(358, 17, 1, 31, 50, 43, 1, '66DCHT22', 1, NULL, '2020-05-03 14:19:29', 1, '2020-05-02 19:19:29', '2020-05-02 19:19:29'),
(359, 17, 1, 31, 51, 43, 1, '66DCHT22', 1, NULL, '2020-05-03 14:19:49', 1, '2020-05-02 19:19:49', '2020-05-02 19:19:49'),
(360, 17, 1, 31, 51, 28, 6, '67DCHT23', 1, NULL, '2020-05-03 14:21:01', 1, '2020-05-02 19:21:01', '2020-05-02 19:21:01'),
(361, 22, 1, 36, 63, 55, 32, '69DCTD22', 1, NULL, '2020-05-04 02:21:06', 1, '2020-05-03 19:21:06', '2020-05-03 19:21:06'),
(362, 22, 1, 36, 32, 41, 60, '69DCTT23', 1, NULL, '2020-05-04 02:21:26', 1, '2020-05-03 19:21:26', '2020-05-03 19:21:26'),
(363, 22, 1, 36, 62, 45, 60, '70DCTT21', 1, NULL, '2020-05-04 02:21:54', 1, '2020-05-03 19:21:54', '2020-05-03 19:21:54'),
(364, 22, 1, 36, 62, 56, 58, '70DCTT24', 1, NULL, '2020-05-04 02:22:11', 1, '2020-05-03 19:22:11', '2020-05-03 19:22:11'),
(365, 17, 1, 36, 20, 35, 44, '69DCHT23', 1, NULL, '2020-05-04 02:23:13', 1, '2020-05-03 19:23:13', '2020-05-03 19:23:13'),
(366, 17, 1, 36, 16, 35, 44, '69DCHT23', 1, NULL, '2020-05-04 02:23:29', 1, '2020-05-03 19:23:29', '2020-05-03 19:23:29'),
(367, 24, 1, 36, 16, 31, 54, '68DCHT21', 1, NULL, '2020-05-04 02:24:44', 1, '2020-05-03 19:24:44', '2020-05-03 19:24:44'),
(368, 24, 1, 36, 27, 40, 62, '69DCTT22', 1.1, NULL, '2020-05-04 02:25:03', 1, '2020-05-03 19:25:03', '2020-05-03 19:25:03'),
(369, 24, 1, 36, 27, 35, 44, '69DCHT23', 1, NULL, '2020-05-04 02:25:18', 1, '2020-05-03 19:25:18', '2020-05-03 19:25:18'),
(370, 23, 1, 36, 20, 59, 60, '68DCTM22', 1, NULL, '2020-05-04 02:26:51', 1, '2020-05-03 19:26:51', '2020-05-03 19:26:51'),
(371, 23, 1, 36, 61, 65, 63, '68DCOT24', 1.1, NULL, '2020-05-04 02:27:19', 1, '2020-05-03 19:27:19', '2020-05-03 19:27:19'),
(372, 17, 1, 43, 59, 55, 34, '69DCTD22', 1, NULL, '2020-05-04 02:31:26', 1, '2020-05-03 19:31:26', '2020-05-03 19:31:26'),
(373, 22, 1, 43, 38, 34, 47, '69DCHT22', 1, NULL, '2020-05-04 02:32:07', 1, '2020-05-03 19:32:07', '2020-05-03 19:32:07'),
(374, 22, 1, 43, 23, 36, 51, '68DCHT23', 1, NULL, '2020-05-04 02:32:22', 1, '2020-05-03 19:32:22', '2020-05-03 19:32:22'),
(375, 17, 1, 44, 20, 52, 36, '69DCTM21', 1, NULL, '2020-05-04 02:35:00', 1, '2020-05-03 19:35:00', '2020-05-03 19:35:00'),
(376, 17, 1, 44, 20, 53, 36, '69DCTM22', 1, NULL, '2020-05-04 02:35:16', 1, '2020-05-03 19:35:16', '2020-05-03 19:35:16'),
(377, 17, 1, 44, 56, 62, 35, '69DCTD21', 1, NULL, '2020-05-04 02:35:42', 1, '2020-05-03 19:35:42', '2020-05-03 19:35:42'),
(378, 17, 1, 44, 40, 33, 47, '69DCHT21', 1, NULL, '2020-05-04 02:36:21', 1, '2020-05-03 19:36:21', '2020-05-03 19:36:21'),
(379, 22, 1, 44, 63, 62, 35, '69DCTD21', 1, NULL, '2020-05-04 02:37:03', 1, '2020-05-03 19:37:03', '2020-05-03 19:37:03'),
(380, 22, 1, 44, 55, 46, 59, '70DCTT22', 1, NULL, '2020-05-04 02:37:24', 1, '2020-05-03 19:37:24', '2020-05-03 19:37:24'),
(381, 22, 1, 44, 40, 45, 60, '70DCTT21', 1, NULL, '2020-05-04 02:37:41', 1, '2020-05-03 19:37:41', '2020-05-03 19:37:41'),
(382, 22, 1, 44, 40, 66, 51, '70DCTM21', 1, NULL, '2020-05-04 02:38:31', 1, '2020-05-03 19:38:31', '2020-05-03 19:38:31'),
(383, 13, 12, 22, 36, NULL, 8, 'Lop01', 1, NULL, '2020-05-08 18:13:25', 0, '2020-05-03 20:48:10', '2020-05-07 23:13:25');

-- --------------------------------------------------------

--
-- Cấu trúc bảng cho bảng 'mst_position'
--

CREATE TABLE mst_position (
  id int(11) NOT NULL,
  pst_name varchar(150) COLLATE utf8mb4_unicode_ci DEFAULT NULL,
  pst_coefficient varchar(5) COLLATE utf8mb4_unicode_ci DEFAULT NULL,
  pst_delete_flag int(11) DEFAULT NULL,
  pst_created_at timestamp NOT NULL DEFAULT current_timestamp() ON UPDATE current_timestamp(),
  pst_updated_at timestamp NOT NULL DEFAULT '0000-00-00 00:00:00'
) ENGINE=InnoDB DEFAULT CHARSET=utf8mb4 COLLATE=utf8mb4_unicode_ci;

--
-- Đang đổ dữ liệu cho bảng 'mst_position'
--

INSERT INTO mst_position (id, pst_name, pst_coefficient, pst_delete_flag, pst_created_at, pst_updated_at) VALUES
(17, 'Trưởng Khoa (Khoa, trung tâm ≥ 40 GV hoặc ≥ 250 HS-SV)', '0.75', 1, '2020-03-23 16:28:37', '2020-03-22 21:28:37'),
(18, 'Trưởng Khoa (Khoa, trung tâm < 40 GV hoặc < 250 HS-SV)', '0.8', 1, '2020-03-24 17:37:06', '2020-03-23 22:37:06'),
(19, 'P. Trưởng khoa; P.Giám đốc trung tâm; Trưởng tổ bộ môn trực thuộc Trường (Khoa, trung tâm ≥ 40 g/v hoặc ≥ 250 HS-SV; Tổ ≥ 10 g/v)', '0.8', 1, '2020-03-24 17:31:19', '2020-03-23 22:31:19'),
(20, 'P. Trưởng khoa; P.Giám đốc trung tâm; Trưởng tổ bộ môn trực thuộc Trường (Khoa, trung tâm < 40 g/v hoặc < 250 HS-SV; Tổ < 10 g/v)', '0.85', 1, '2020-03-24 17:33:14', '2020-03-23 22:33:14'),
(21, 'Bí thư Đoàn trường (khi Trường có từ 10.000 HS-SV trở lên)', '0.85', 0, '2020-03-27 16:01:22', '2020-03-26 21:01:22'),
(22, 'Phó bí thư Đoàn Trường; Bí thư liên chi đoàn cơ sở', '0.7', 1, '2020-03-20 03:26:28', '2020-03-20 03:26:28'),
(23, 'Giảng viên, giáo viên nữ đang nuôi con nhỏ dưới 36 tháng tuổi', '0.8', 1, '2020-04-26 16:50:47', '2020-04-25 21:50:47'),
(24, 'Giáo viên dạy thực hành các nghề đặc biệt nặng nhọc, độc hại, nguy hiểm (theo danh mục của Bộ LĐ-TBXH ban hành)', '0.9', 1, '2020-03-20 03:26:48', '2020-03-20 03:26:48'),
(25, 'Giảng viên, giáo viên kiêm công tác văn phòng khoa (đối với các khoa không quản lý học sinh, sinh viên)', '0.9', 1, '2020-03-20 03:26:57', '2020-03-20 03:26:57'),
(26, 'Hiệu trưởng', '0.15', 1, '2020-03-20 03:27:18', '2020-03-20 03:27:18'),
(27, 'Phó Hiệu trưởng; Giám đốc cơ sở đào tạo', '0.2', 1, '2020-03-20 03:27:26', '2020-03-20 03:27:26'),
(28, 'Trưởng phòng (ban) của Trường; P.Giám đốc cơ sở đào tạo', '0.25', 1, '2020-03-20 03:27:37', '2020-03-20 03:27:37'),
(29, 'Trưởng bộ môn', '0.85', 0, '2020-04-21 15:55:11', '2020-04-20 20:55:11'),
(30, 'Không', '1', 0, '2020-03-23 16:41:41', '2020-03-22 21:41:41'),
(31, 'Cán bộ quản lý HS-SV ở các khoa, trung tâm, cơ sở đào tạo', '0.35', 1, '2020-03-23 22:34:49', '2020-03-23 22:34:49'),
(32, 'Giảng viên, giáo viên kiêm phụ trách phòng thực hành, thí nghiệm (Khi có nhân viên chuyên trách)', '0.9', 1, '2020-03-23 22:39:29', '2020-03-23 22:39:29'),
(33, 'Giảng viên, giáo viên kiêm phụ trách phòng thực hành, thí nghiệm (Khi không có nhân viên chuyên trách)', '0.85', 1, '2020-03-23 22:41:06', '2020-03-23 22:41:06'),
(34, 'Không', '1', 1, '2020-03-24 21:58:01', '2020-03-24 21:58:01'),
(35, 'Phó trưởng phòng (ban) của Trường; Trưởng phòng của cơ sở đào tạo', '0.3', 1, '2020-04-20 20:13:28', '2020-04-20 20:13:28'),
(36, 'Tổ trưởng tổ công tác cấp phòng (ban) của Trường; Phó phòng của cơ sở đào tạo', '0.35', 1, '2020-04-20 20:14:14', '2020-04-20 20:14:14'),
(37, 'Chuyên viên các đơn vị trực thuộc Trường hưởng lương và chế độ theo ngạch giảng viên', '0.35', 1, '2020-04-20 20:14:56', '2020-04-20 20:14:56'),
(38, 'Trưởng tổ bộ môn (trực thuộc khoa, trung tâm, cơ sở đào tạo); Phó tổ bộ môn trực thuộc Trường (Tổ bộ môn ≥ 10 g/v)', '0.8', 1, '2020-04-26 16:31:18', '2020-04-25 21:31:18'),
(39, 'Trưởng tổ bộ môn (trực thuộc khoa, trung tâm, cơ sở đào tạo); Phó tổ bộ môn trực thuộc Trường (Tổ bộ môn < 10 g/v)', '0.9', 1, '2020-04-20 20:48:16', '2020-04-20 20:48:16'),
(40, 'Bí thư Đảng uỷ; Chủ tịch công đoàn Trường (Khi có cán bộ chuyên trách)', '0.6', 1, '2020-04-20 20:49:04', '2020-04-20 20:49:04'),
(41, 'Bí thư Đảng uỷ; Chủ tịch công đoàn Trường (Khi không có cán bộ chuyên trách)', '0.55', 1, '2020-04-20 20:49:37', '2020-04-20 20:49:37'),
(42, 'Phó Bí thư Đảng ủy; Phó Chủ tịch Công đoàn; Bí thư Đảng uỷ bộ phận; Chủ tịch Công đoàn cơ sở (Khi có cán bộ chuyên trách)', '0.65', 1, '2020-04-20 20:50:56', '2020-04-20 20:50:56'),
(43, 'Phó Bí thư Đảng ủy; Phó Chủ tịch Công đoàn; Bí thư Đảng uỷ bộ phận; Chủ tịch Công đoàn cơ sở (Khi không có cán bộ chuyên trách)', '0.6', 1, '2020-04-20 20:51:44', '2020-04-20 20:51:44'),
(44, 'Bí thư Đoàn trường (khi Trường có từ 10.000 HS-SV trở lên)', '0.6', 1, '2020-04-20 20:52:26', '2020-04-20 20:52:26'),
(45, 'Phó tổ bộ môn  ≥ 10 g/v (trực thuộc khoa, trung tâm, cơ sở đào tạo)', '0.8', 1, '2020-04-26 16:31:58', '2020-04-25 21:31:58'),
(46, 'Phó tổ bộ môn < 10 g/v (trực thuộc khoa, trung tâm, cơ sở đào tạo)', '0.9', 1, '2020-04-22 22:26:35', '2020-04-22 22:26:35');

-- --------------------------------------------------------

--
-- Cấu trúc bảng cho bảng 'mst_semester'
--

CREATE TABLE mst_semester (
  id int(11) NOT NULL,
  smt_name varchar(255) COLLATE utf8mb4_unicode_ci DEFAULT NULL,
  smt_delete_flag int(11) DEFAULT NULL,
  smt_created_at timestamp NOT NULL DEFAULT current_timestamp() ON UPDATE current_timestamp(),
  smt_updated_at timestamp NOT NULL DEFAULT '0000-00-00 00:00:00'
) ENGINE=InnoDB DEFAULT CHARSET=utf8mb4 COLLATE=utf8mb4_unicode_ci;

--
-- Đang đổ dữ liệu cho bảng 'mst_semester'
--

INSERT INTO mst_semester (id, smt_name, smt_delete_flag, smt_created_at, smt_updated_at) VALUES
(13, '2016_2017_1', 1, '2020-03-20 03:11:20', '2020-03-20 03:11:20'),
(14, '2016_2017_2', 1, '2020-03-20 03:11:28', '2020-03-20 03:11:28'),
(15, '2017_2018_1', 1, '2020-03-20 03:34:38', '2020-03-20 03:34:38'),
(16, '2017_2018_2', 1, '2020-03-20 03:34:43', '2020-03-20 03:34:43'),
(17, '2019_2020_1', 1, '2020-03-20 03:34:49', '2020-03-20 03:34:49'),
(18, '2019_2020_2', 0, '2020-04-19 06:39:18', '2020-04-18 23:39:18'),
(20, '2121_abcc12/', 0, '2020-03-25 16:56:24', '2020-03-24 21:56:24'),
(21, '2018_2019_1', 0, '2020-04-19 06:37:30', '2020-04-18 23:37:30'),
(22, '2019_2020_2', 1, '2020-04-18 23:41:08', '2020-04-18 23:41:08'),
(23, '2018_2019_1', 1, '2020-04-23 23:20:01', '2020-04-23 23:20:01'),
(24, '2018_2019_2', 1, '2020-04-23 23:20:12', '2020-04-23 23:20:12');

-- --------------------------------------------------------

--
-- Cấu trúc bảng cho bảng 'mst_term'
--

CREATE TABLE mst_term (
  id int(11) NOT NULL,
  tem_code varchar(50) COLLATE utf8mb4_unicode_ci DEFAULT NULL,
  tem_name varchar(200) COLLATE utf8mb4_unicode_ci DEFAULT NULL,
  tem_credit int(11) DEFAULT NULL,
  tem_standard_time int(11) DEFAULT NULL,
  tem_count_theoretical_details int(11) NOT NULL,
  tem_count_practice int(11) NOT NULL,
  tem_count_discuss int(11) NOT NULL,
  tem_delete_flag int(11) DEFAULT NULL,
  tem_created_at timestamp NOT NULL DEFAULT current_timestamp() ON UPDATE current_timestamp(),
  tem_updated_at timestamp NOT NULL DEFAULT '0000-00-00 00:00:00'
) ENGINE=InnoDB DEFAULT CHARSET=utf8mb4 COLLATE=utf8mb4_unicode_ci;

--
-- Đang đổ dữ liệu cho bảng 'mst_term'
--

INSERT INTO mst_term (id, tem_code, tem_name, tem_credit, tem_standard_time, tem_count_theoretical_details, tem_count_practice, tem_count_discuss, tem_delete_flag, tem_created_at, tem_updated_at) VALUES
(14, 'DC2HT38', 'Công nghệ phần mềm', 3, 45, 45, 0, 0, 1, '2020-03-20 03:14:44', '2020-03-20 03:14:44'),
(15, 'DC2TT32', 'Điện toán đám mây (TT32)', 2, 30, 30, 0, 0, 1, '2020-05-02 03:48:20', '2020-05-01 20:48:20'),
(16, 'DC3HT21', 'Hệ quản trị Cơ sở dữ liệu', 3, 60, 60, 0, 0, 1, '2020-03-20 03:17:45', '2020-03-20 03:17:45'),
(17, 'DC2TT35', 'Lập trình hướng đối tượng C++', 3, 60, 60, 0, 0, 1, '2020-03-20 03:18:02', '2020-03-20 03:18:02'),
(18, 'DC2HT33', 'Lập trình Java', 3, 60, 60, 0, 0, 1, '2020-03-20 03:18:18', '2020-03-20 03:18:18'),
(19, 'DC2TT31', 'Phần mềm mã nguồn mở', 2, 30, 30, 0, 0, 1, '2020-03-20 03:18:42', '2020-03-20 03:18:42'),
(20, 'DC2HT26', 'Cấu trúc dữ liệu và giải thuật', 4, 45, 45, 0, 0, 1, '2020-03-20 03:19:09', '2020-03-20 03:19:09'),
(21, 'DC3HT52', 'Đồ án Hệ thống thông tin', 3, 135, 0, 135, 0, 0, '2020-04-20 16:31:11', '2020-04-19 21:31:11'),
(22, 'DC3HT46', 'Thiết kế mạng máy tính', 3, 75, 15, 60, 0, 0, '2020-04-20 16:31:50', '2020-04-19 21:31:50'),
(23, 'DC2HT34', 'Lập trình trực quan C#', 3, 60, 60, 0, 0, 1, '2020-03-20 03:53:14', '2020-03-20 03:53:14'),
(24, 'DC2HT12', 'Nguyên lý Hệ điều hành', 3, 45, 45, 0, 0, 1, '2020-03-20 03:53:33', '2020-03-20 03:53:33'),
(25, 'DC2HT42', 'Toán học rời rạc', 4, 60, 60, 0, 0, 0, '2020-03-24 17:27:41', '2020-03-23 22:27:41'),
(26, 'DC2HT11', 'Kiến trúc máy tính', 3, 40, 30, 10, 0, 1, '2020-03-27 16:08:15', '2020-03-26 21:08:15'),
(27, 'DC2TT22', 'Nhập môn Cơ sở dữ liệu', 3, 45, 45, 0, 0, 1, '2020-03-20 03:54:41', '2020-03-20 03:54:41'),
(28, 'DC2HT13', 'Nhập môn mạng máy tính', 3, 30, 30, 0, 0, 1, '2020-03-20 03:54:55', '2020-03-20 03:54:55'),
(29, 'DC3HT31', 'Lập trình di động', 3, 60, 60, 0, 0, 1, '2020-03-20 03:55:21', '2020-03-20 03:55:21'),
(30, 'DC3TH17', 'Nhập môn tương tác người - máy', 2, 30, 30, 0, 0, 1, '2020-03-20 03:55:34', '2020-03-20 03:55:34'),
(31, 'DC3HT16', 'Nhập môn Xử lý ảnh', 3, 60, 60, 0, 0, 1, '2020-04-26 16:18:14', '2020-04-25 21:18:14'),
(32, 'DC3HT60', 'Phân tích và thiết kế hệ thống thông tin', 4, 75, 75, 0, 0, 1, '2020-03-20 03:56:02', '2020-03-20 03:56:02'),
(33, 'DC3HT32', 'Quản lý dự án phần mềm', 3, 45, 45, 0, 0, 1, '2020-03-20 03:56:15', '2020-03-20 03:56:15'),
(34, 'DC3TT47', 'Quản trị mạng', 3, 60, 60, 0, 0, 1, '2020-03-20 03:56:27', '2020-03-20 03:56:27'),
(35, 'DC3TM64', 'An ninh mạng', 3, 45, 45, 0, 0, 0, '2020-04-20 16:31:29', '2020-04-19 21:31:29'),
(36, 'DC3HT15', 'Ngôn ngữ mô hình hóa UML', 3, 60, 60, 0, 0, 1, '2020-03-20 03:57:06', '2020-03-20 03:57:06'),
(37, 'DC2HT39', 'Kỹ thuật đồ họa máy tính', 3, 45, 45, 0, 0, 0, '2020-04-20 16:31:38', '2020-04-19 21:31:38'),
(38, 'DC2HT36', 'Lập trình trên môi trường Web (HT36)', 3, 60, 60, 0, 0, 1, '2020-05-02 10:08:29', '2020-05-02 03:08:29'),
(39, 'DC3TH44', 'Kiến trúc của hệ thống QL, giám sát PTGT', 3, 45, 45, 0, 0, 1, '2020-03-20 04:28:36', '2020-03-20 04:28:36'),
(40, 'DC2HT42', 'Toán học rời rạc', 4, 60, 60, 0, 0, 1, '2020-03-23 22:28:33', '2020-03-23 22:28:33'),
(41, 'DC3HT34', 'Giao thông thông minh (ITS)', 3, 45, 45, 0, 0, 1, '2020-03-29 22:10:55', '2020-03-29 22:10:55'),
(42, 'DTH0712', 'Kiến trúc máy tính', 3, 30, 30, 0, 0, 0, '2020-04-19 06:34:34', '2020-04-18 23:34:34'),
(43, 'DTH0712', 'Toán học rời rạc', 4, 30, 30, 0, 0, 0, '2020-04-19 06:35:40', '2020-04-18 23:35:40'),
(44, 'DC3HT46', 'Thiết kế mạng máy tính', 3, 75, 15, 60, 0, 1, '2020-04-19 21:34:18', '2020-04-19 21:34:18'),
(45, 'DC3HT51', 'An toàn và bảo mật hệ thống thông tin', 2, 30, 30, 0, 0, 1, '2020-04-19 21:38:33', '2020-04-19 21:38:33'),
(46, 'DC3HT42', 'Hệ thống hoạch định nguồn lực doanh nghiệp (ERP)', 3, 45, 45, 0, 0, 1, '2020-04-19 21:43:40', '2020-04-19 21:43:40'),
(47, 'DC3HT43', 'Hệ thống thông tin địa lý - GIS', 3, 45, 45, 0, 0, 1, '2020-04-19 21:44:14', '2020-04-19 21:44:14'),
(48, 'DC3HT22', 'Hệ trợ giúp quyết định', 3, 45, 45, 0, 0, 1, '2020-04-19 21:50:47', '2020-04-19 21:50:47'),
(49, 'DC3HT41', 'Kiểm thử phần mềm', 3, 45, 45, 0, 0, 1, '2020-04-19 21:51:26', '2020-04-19 21:51:26'),
(50, 'DC4HT22', '[Hướng dẫn] Thực tập chuyên ngành, thực tập DN', 6, 2, 0, 0, 2, 1, '2020-04-25 14:15:56', '2020-04-24 19:15:56'),
(51, 'DC4TH70', '[Hướng dẫn] Thực tập tốt nghiệp', 4, 2, 0, 0, 2, 1, '2020-04-25 14:16:12', '2020-04-24 19:16:12'),
(52, 'DC3HT52', '[Hướng dẫn] Đồ án hệ thống thông tin', 3, 1, 0, 0, 1, 1, '2020-04-25 14:15:11', '2020-04-24 19:15:11'),
(53, 'DC1TT41', 'Tin học đại cương (TT41)', 3, 60, 30, 30, 0, 1, '2020-04-25 21:06:08', '2020-04-25 21:06:08'),
(54, 'DC1TT43', 'Tin học đại cương (TT43)', 3, 60, 60, 0, 0, 1, '2020-04-29 20:16:31', '2020-04-29 20:16:31'),
(55, 'DC2TT23', 'Ngôn ngữ lập trình C', 3, 30, 30, 0, 0, 1, '2020-04-30 15:21:04', '2020-04-29 20:21:04'),
(56, 'DC2EC23', 'Ngôn ngữ lập trình', 3, 60, 60, 0, 0, 1, '2020-04-29 20:46:04', '2020-04-29 20:46:04'),
(57, 'DC3TM53', 'Điện toán đám mây (TM53)', 3, 60, 60, 0, 0, 1, '2020-05-02 04:02:33', '2020-05-01 21:02:33'),
(58, 'DC3TM51', 'Lập trình mạng', 3, 60, 60, 0, 0, 1, '2020-05-01 21:02:13', '2020-05-01 21:02:13'),
(59, 'DC2EC24', 'Lập trình web (EC24)', 3, 60, 60, 0, 0, 1, '2020-05-02 10:08:45', '2020-05-02 03:08:45'),
(60, 'DC1TT411', 'Lập trình web', 3, 60, 60, 0, 0, 0, '2020-05-02 10:19:15', '2020-05-02 03:19:15'),
(61, 'DC1TT42', 'Tin học đại cương (TT42)', 3, 30, 30, 0, 0, 1, '2020-05-01 20:29:59', '2020-05-01 20:29:59'),
(62, 'DC1TT44', 'Tin học cơ sở', 3, 60, 60, 0, 0, 1, '2020-05-01 20:40:39', '2020-05-01 20:40:39'),
(63, 'DC2EC25', 'Hệ cơ sở dữ liệu', 3, 60, 60, 0, 0, 1, '2020-05-03 19:20:01', '2020-05-03 19:20:01'),
(64, 'DC2HT39', 'Kỹ thuật đồ họa máy tính', 3, 30, 30, 0, 0, 1, '2020-05-03 20:50:36', '2020-05-03 20:50:36');

-- --------------------------------------------------------

--
-- Cấu trúc bảng cho bảng 'mst_title'
--

CREATE TABLE mst_title (
  id int(11) NOT NULL,
  ttl_name varchar(150) COLLATE utf8mb4_unicode_ci DEFAULT NULL,
  ttl_quota int(11) DEFAULT NULL,
  ttl_group_learn int(11) DEFAULT NULL,
  ttl_delete_flag int(11) DEFAULT NULL,
  ttl_created_at timestamp NOT NULL DEFAULT current_timestamp() ON UPDATE current_timestamp(),
  ttl_updated_at timestamp NULL DEFAULT NULL
) ENGINE=InnoDB DEFAULT CHARSET=utf8mb4 COLLATE=utf8mb4_unicode_ci;

--
-- Đang đổ dữ liệu cho bảng 'mst_title'
--

INSERT INTO mst_title (id, ttl_name, ttl_quota, ttl_group_learn, ttl_delete_flag, ttl_created_at, ttl_updated_at) VALUES
(6, 'Thời kỳ thử việc (50%)', 140, 1, 1, '2020-03-21 15:57:45', '2020-02-28 19:50:05'),
(7, 'Giảng viên', 270, 1, 1, '2020-04-25 16:31:00', '2020-04-24 21:31:00'),
(8, 'PGS, giảng viên chính', 320, 1, 1, '2020-03-21 15:57:49', '2020-02-28 19:51:14'),
(9, 'GS, giảng viên cao cấp', 360, 1, 1, '2020-03-21 15:57:50', '2020-02-28 19:51:21'),
(11, 'Không', 0, 1, 1, '2020-03-24 18:01:50', '2020-03-23 23:01:50');

-- --------------------------------------------------------

--
-- Cấu trúc bảng cho bảng 'mst_unit'
--

CREATE TABLE mst_unit (
  id int(11) NOT NULL,
  unt_name varchar(150) COLLATE utf8mb4_unicode_ci DEFAULT NULL,
  unt_delete_flag int(11) DEFAULT NULL,
  unt_created_at timestamp NOT NULL DEFAULT current_timestamp() ON UPDATE current_timestamp(),
  unt_update_at timestamp NOT NULL DEFAULT '0000-00-00 00:00:00'
) ENGINE=InnoDB DEFAULT CHARSET=utf8mb4 COLLATE=utf8mb4_unicode_ci;

--
-- Đang đổ dữ liệu cho bảng 'mst_unit'
--

INSERT INTO mst_unit (id, unt_name, unt_delete_flag, unt_created_at, unt_update_at) VALUES
(31, 'Bộ môn Hệ thống thông tin', 1, '2020-03-20 10:09:10', '2020-03-20 03:09:10'),
(33, 'Bộ môn Truyền thông và mạng máy tính', 1, '2020-03-20 03:09:31', '2020-03-20 03:09:31'),
(34, 'Bộ môn Điện tử viễn thông', 1, '2020-03-20 03:09:36', '2020-03-20 03:09:36'),
(35, 'Cơ điện tử', 1, '2020-03-20 03:09:42', '2020-03-20 03:09:42');

-- --------------------------------------------------------

--
-- Cấu trúc bảng cho bảng 'users'
--

CREATE TABLE users (
  id int(11) NOT NULL,
  name varchar(50) COLLATE utf8mb4_unicode_ci DEFAULT NULL,
  code varchar(50) COLLATE utf8mb4_unicode_ci DEFAULT NULL,
  email varchar(200) COLLATE utf8mb4_unicode_ci NOT NULL,
  password varchar(255) COLLATE utf8mb4_unicode_ci NOT NULL,
  gender int(11) DEFAULT NULL,
  role int(11) DEFAULT NULL,
  active int(11) DEFAULT NULL,
  date_of_birth datetime DEFAULT NULL,
  remember_token varchar(255) COLLATE utf8mb4_unicode_ci DEFAULT NULL,
  delete_flag int(11) DEFAULT NULL,
  id_title int(11) DEFAULT NULL,
  id_position int(11) DEFAULT NULL,
  id_unit int(11) DEFAULT NULL,
  created_at timestamp NULL DEFAULT NULL,
  updated_at timestamp NULL DEFAULT NULL
) ENGINE=InnoDB DEFAULT CHARSET=utf8mb4 COLLATE=utf8mb4_unicode_ci;

--
-- Đang đổ dữ liệu cho bảng 'users'
--

INSERT INTO users (id, name, code, email, password, gender, role, active, date_of_birth, remember_token, delete_flag, id_title, id_position, id_unit, created_at, updated_at) VALUES
(1, 'Quan Tri Vien', 'ADMIN', 'admin@utt.edu.vn', '$2y$10$Y5MkYEMTXsrWxX9pkHX/JesjcOGZDeTi.str81OEjOq1PqQT8DYhq', 1, 1, 1, '2020-04-21 22:32:27', 'aYBf7eA42Ko5JQ7irttZF82dQpmp8oRYabJnWDvDxC76xgGCJqlZOAPW8n8w', 1, 8, 34, NULL, NULL, NULL),
(22, 'Đỗ Bảo Sơn', 'ttcs3002', 'sondb@utt.edu.vn', '$2y$10$jexoge1jlc/MsyzTt0iQve3.W.4uEIFqk/KV/8i42QOf14yivB2FS', 1, 2, 1, '1991-01-01 00:00:00', 'FjB1lQonlBal9IGLDOUN4briEj8lBobo366XEvSRHwiEWvKdr7NxE0zVgvRF', 1, 7, 34, 31, '2020-03-23 09:41:16', '2020-04-20 05:34:33'),
(26, 'Lã Quang Trung', 'HTTT0001', 'trunglq@utt.edu.vn', '$2y$10$J2V/9090CexCaIxyo03OquO4QUNNr4j8Bw4OFuPfYqfMWrgweaN9q', 1, 2, 1, '1986-04-20 00:00:00', 'wVHFUm2gHFxqrbfVV5OKjVEn9fqVis98YrtooShETqbrlmXhKbv0AKH9D8dn', 1, 7, 34, 31, '2020-03-29 10:48:22', '2020-03-29 10:48:22'),
(27, 'Phan Như Minh', 'TTVM0001', 'minhpn@utt.edu.vn', '$2y$10$OWNjDsQF/441BGwnZ0fYgOpMfHHN1PByX7JAKPJ21WvzFssuIhzg6', 1, 2, 1, '1978-09-23 00:00:00', NULL, 1, 7, 34, 33, '2020-03-29 10:49:51', '2020-03-29 10:49:51'),
(28, 'Nguyễn Thái Sơn', 'HTTT0005', 'sonnt@utt.edu.vn', '$2y$10$nekJxmqCpbIrvrFGZMrzg.cGf1YBZfq0Icmhycu8KmqMOvYRqz7Ti', 1, 2, 1, '1981-05-20 00:00:00', 'HIx5YN0V2MSLfZxpbCWk36Es7XPdG1wMBZUjFyp8nU7ailGHm1YXvauQZmva', 1, 7, 34, 31, '2020-03-29 10:51:47', '2020-03-29 10:51:47'),
(30, 'Lê Thị Hà', 'HTTT0006', 'halt@utt.edu.vn', '$2y$10$P/DaUvw/WB1o64Ls4a1hReJ3M1wEuwjGk4Ano6qfgT9Z2cg.kHMHy', 2, 2, 1, '1969-12-13 00:00:00', NULL, 1, 8, 45, 31, '2020-04-23 10:27:46', '2020-04-23 10:27:46'),
(31, 'Lê Chí Luận', 'HTTT0002', 'luanlc@utt.edu.vn', '$2y$10$TwyA2uNZk1ZqGTu8RQOLXuveDiQNhdk6ZESS.hABpxcFCoFlqgxB.', 1, 2, 1, '1980-03-08 00:00:00', 'vPnmI6Cmu06kf1eEco6chGmG1hICFUaPIYiPhItbjyjGUNqLA8Btqhwhh0bq', 1, 7, 38, 31, '2020-04-23 10:28:55', '2020-04-23 10:28:55'),
(33, 'Lê Thị Hường', 'HTTT0009', 'huonglt@utt.edu.vn', '$2y$10$NircWnRWt4ElW/eKEFOO.ucFGfOidNMWp3h4RYSMJqSBxAiL6jT.m', 2, 2, 1, '1979-09-12 00:00:00', NULL, 1, 7, 34, 31, '2020-04-23 10:34:19', '2020-04-23 10:34:19'),
(34, 'Bùi Thị Nhung', 'HTTT0010', 'nhungbt@utt.edu.vn', '$2y$10$LuIARvbVDi6uXeb0O9eiI.P3uzaAm9XoOAyVQ6ikBtKu.NmgS9dnG', 2, 2, 1, '1988-12-05 00:00:00', NULL, 1, 7, 34, 31, '2020-04-23 10:35:33', '2020-04-23 10:35:33'),
(35, 'Lê Trung Kiên', 'HTTT0011', 'kienletrung1980@gmail.com', '$2y$10$sVnyj2Ysdu52ejZIcIg1hOkHdD8ImzY3CSeBjnCqJAKSwzxyb1IiG', 1, 2, 1, '1980-06-30 00:00:00', 'aO4dwYC5m7SCMuz7EFLT1MbuzS9LJYkLRzNn2PKQYMlOYpPOs1o6NBwQMMh1', 1, 7, 34, 31, '2020-04-23 10:36:59', '2020-04-23 10:36:59'),
(36, 'Nguyễn Thị Kim Huệ', 'HTTT0012', 'huentk@utt.edu.vn', '$2y$10$lna5JuxwosB3BE37CZqWSORjYx5K2OoJ0XCvC.0Li04hI16yRMicC', 2, 2, 1, '1986-05-09 00:00:00', NULL, 1, 7, 23, 31, '2020-04-23 10:38:28', '2020-04-23 10:38:28'),
(37, 'Đoàn Thị Thanh Hằng', 'HTTT0004', 'hangdtt@utt.edu.vn', '$2y$10$rcyDohSMbc15oc45FE1CSONu0LhASl1eKl3MPXEjs/cPRhApW7UZe', 2, 2, 1, '1977-09-28 00:00:00', NULL, 1, 7, 34, 31, '2020-04-23 10:39:44', '2020-04-23 10:39:44'),
(38, 'Vũ Thị Thu Hà', 'HTTT0003', 'havtt@utt.edu.vn', '$2y$10$GT0Y7iTqfNUXGAJeJQKkWe/uA1F0HsRbkIxN2VBJsUwNXtyTG/psu', 2, 2, 1, '1968-12-22 00:00:00', '57yeT74jVYcJfNMyuKM1zwqpDvYOMzwQgfGEaJiCHh19a2sYbLenQiKxS0h2', 1, 7, 34, 31, '2020-04-23 10:41:33', '2020-04-23 10:41:33'),
(39, 'Phạm Thị Thuận', 'HTTT0013', 'sathuan82@gmail.com', '$2y$10$AP3pbZFmTUKb05O5KgEysuGRNJSsO8fXUSa/GteC6f3J5Hx6SBfIm', 2, 2, 1, '1982-09-16 00:00:00', NULL, 1, 7, 34, 31, '2020-04-23 10:43:03', '2020-04-23 10:43:03'),
(40, 'Lê Thị Chi', 'HTTT0014', 'chilt@utt.edu.vn', '$2y$10$DMXPPXvsSYsCvcIHpo2WfeUiAiXZBT4/4TNOHzpVdv7Z0qauLkY.O', 2, 2, 1, '1983-03-01 00:00:00', NULL, 1, 7, 23, 31, '2020-04-23 10:44:12', '2020-04-23 10:44:12'),
(41, 'Nguyễn Hữu Mùi', 'HTTT0008', 'muinh@gmail.com', '$2y$10$BnaZr0NoZiQbXhEvffKOzeEX7TSUovaN262qVE1WmKtHGSmL9dvoy', 1, 2, 1, '1955-09-19 00:00:00', 'mpq1NmlHbAgDMjnCYMPcIcFE14onXWpNEvFhMxMP44hJ2C628j4nhEGR003H', 1, 11, 34, 31, '2020-04-23 10:48:36', '2020-04-23 10:48:36'),
(42, 'Phùng Văn Ổn', 'HTTT0007', 'onphungvan@gmail.com', '$2y$10$eR1xb0W3hhf1A7lFHQLyoeZfXj8Li.JcMm26q.6NV1qolngUGt5SO', 1, 2, 1, '1955-03-12 00:00:00', NULL, 1, 11, 34, 31, '2020-04-24 11:24:37', '2020-04-24 11:24:37'),
(43, 'Phạm Đức Anh', 'HTTT0015', 'anhpd@utt.edu.vn', '$2y$10$7jFN8d0x72Tlv/CNraRM/.l.Od.MsusvPr4TeseTcrPxFZc6Px.lS', 1, 2, 1, '1989-02-26 00:00:00', NULL, 1, 7, 37, 31, '2020-04-26 09:39:19', '2020-04-26 09:39:19'),
(44, 'Đặng Thị Kim Anh', 'HTTT0016', 'anhdtk@utt.edu.vn', '$2y$10$mBt0pGKqFH80SAUtT.wRgONow65.S9okqhc1FktiRGDvlcDuEB6eK', 2, 2, 1, '1982-02-06 00:00:00', NULL, 1, 7, 34, 31, '2020-04-26 09:59:24', '2020-04-26 09:59:24'),
(45, 'Lê Thị Hoa', 'HTTT0017', 'hoalt@utt.edu.vn', '$2y$10$fAxkRKYXK4.L0qbtMj7Qje.ZuWlEcwBTXVw7ADICWRuytWHtMtFTq', 2, 2, 0, '1963-03-26 00:00:00', NULL, 1, 11, 34, 31, '2020-04-26 10:02:13', '2020-05-02 03:32:10');

--
-- Chỉ mục cho các bảng đã đổ
--

--
-- Chỉ mục cho bảng 'mst_class'
--
ALTER TABLE mst_class
  ADD PRIMARY KEY (id);

--
-- Chỉ mục cho bảng 'mst_log_users'
--
ALTER TABLE mst_log_users
  ADD PRIMARY KEY (id);

--
-- Chỉ mục cho bảng 'mst_mission'
--
ALTER TABLE mst_mission
  ADD PRIMARY KEY (id),
  ADD KEY msn_id_semester (msn_id_semester),
  ADD KEY msn_id_user (msn_id_user),
  ADD KEY msn_id_term (msn_id_term),
  ADD KEY msn_id_class (msn_id_class);

--
-- Chỉ mục cho bảng 'mst_position'
--
ALTER TABLE mst_position
  ADD PRIMARY KEY (id);

--
-- Chỉ mục cho bảng 'mst_semester'
--
ALTER TABLE mst_semester
  ADD PRIMARY KEY (id);

--
-- Chỉ mục cho bảng 'mst_term'
--
ALTER TABLE mst_term
  ADD PRIMARY KEY (id);

--
-- Chỉ mục cho bảng 'mst_title'
--
ALTER TABLE mst_title
  ADD PRIMARY KEY (id);

--
-- Chỉ mục cho bảng 'mst_unit'
--
ALTER TABLE mst_unit
  ADD PRIMARY KEY (id);

--
-- Chỉ mục cho bảng 'users'
--
ALTER TABLE users
  ADD PRIMARY KEY (id),
  ADD KEY id_title (id_title),
  ADD KEY id_position (id_position),
  ADD KEY id_unit (id_unit);

--
-- AUTO_INCREMENT cho các bảng đã đổ
--

--
-- AUTO_INCREMENT cho bảng 'mst_class'
--
ALTER TABLE mst_class
  MODIFY id int(11) NOT NULL AUTO_INCREMENT, AUTO_INCREMENT=67;

--
-- AUTO_INCREMENT cho bảng 'mst_log_users'
--
ALTER TABLE mst_log_users
  MODIFY id int(11) NOT NULL AUTO_INCREMENT, AUTO_INCREMENT=95;

--
-- AUTO_INCREMENT cho bảng 'mst_mission'
--
ALTER TABLE mst_mission
  MODIFY id int(11) NOT NULL AUTO_INCREMENT, AUTO_INCREMENT=384;

--
-- AUTO_INCREMENT cho bảng 'mst_position'
--
ALTER TABLE mst_position
  MODIFY id int(11) NOT NULL AUTO_INCREMENT, AUTO_INCREMENT=47;

--
-- AUTO_INCREMENT cho bảng 'mst_semester'
--
ALTER TABLE mst_semester
  MODIFY id int(11) NOT NULL AUTO_INCREMENT, AUTO_INCREMENT=25;

--
-- AUTO_INCREMENT cho bảng 'mst_term'
--
ALTER TABLE mst_term
  MODIFY id int(11) NOT NULL AUTO_INCREMENT, AUTO_INCREMENT=65;

--
-- AUTO_INCREMENT cho bảng 'mst_title'
--
ALTER TABLE mst_title
  MODIFY id int(11) NOT NULL AUTO_INCREMENT, AUTO_INCREMENT=12;

--
-- AUTO_INCREMENT cho bảng 'mst_unit'
--
ALTER TABLE mst_unit
  MODIFY id int(11) NOT NULL AUTO_INCREMENT, AUTO_INCREMENT=36;

--
-- AUTO_INCREMENT cho bảng 'users'
--
ALTER TABLE users
  MODIFY id int(11) NOT NULL AUTO_INCREMENT, AUTO_INCREMENT=46;

--
-- Các ràng buộc cho các bảng đã đổ
--

--
-- Các ràng buộc cho bảng 'mst_mission'
--
ALTER TABLE mst_mission
  ADD CONSTRAINT mst_mission_ibfk_1 FOREIGN KEY (msn_id_semester) REFERENCES mst_semester (id),
  ADD CONSTRAINT mst_mission_ibfk_2 FOREIGN KEY (msn_id_user) REFERENCES users (id),
  ADD CONSTRAINT mst_mission_ibfk_3 FOREIGN KEY (msn_id_term) REFERENCES mst_term (id),
  ADD CONSTRAINT mst_mission_ibfk_4 FOREIGN KEY (msn_id_class) REFERENCES mst_class (id);

--
-- Các ràng buộc cho bảng 'users'
--
ALTER TABLE users
  ADD CONSTRAINT users_ibfk_1 FOREIGN KEY (id_title) REFERENCES mst_title (id),
  ADD CONSTRAINT users_ibfk_2 FOREIGN KEY (id_position) REFERENCES mst_position (id),
  ADD CONSTRAINT users_ibfk_3 FOREIGN KEY (id_unit) REFERENCES mst_unit (id);
COMMIT;

/*!40101 SET CHARACTER_SET_CLIENT=@OLD_CHARACTER_SET_CLIENT */;
/*!40101 SET CHARACTER_SET_RESULTS=@OLD_CHARACTER_SET_RESULTS */;
/*!40101 SET COLLATION_CONNECTION=@OLD_COLLATION_CONNECTION */;
